Workbook

Sheet 巡视
A1: 2025-2026学年高二第一学期期中考
A2: 一、组织管理
A3: 主考： | B3: 杨兵
A4: 副主考： | B4: 李宗蔚
A5: 巡视： | B5: 黄华
A6: 考务 | B6: 收发卷 | C6: 李丹凝、蓝昊荣、黄丹娴、肖洋
B7: 铃声 | C7: 陈映儿
A8: 考务室：三楼报告厅1 考务培训时间：11月4日（周二）下午15：45 地点：三楼报告厅1
A9: 二、监考要求
A10: 1、考务室地点：三楼报告厅1 2、签到领试卷时间：提前30分钟签到。 3、收、发试卷要求：按指令要求收发卷、答题卡、草稿纸。考试结束，按高考要求收齐答题卡、在答题卡袋面写实考人数，缺考的不用收。 4、监考员要求：规范、严格，如需离开考场超过15分钟必须向主考报备。 5、学生要求：1、中途不能上洗手间。（确实身体不舒服的，报巡考员，由巡考带去） 2、不能提前交卷。
A11: 三、考场板书
A12: 考试科目：** 考试时间：**到** 试卷页数：** 答题卡页数：**

Sheet 铃声安排
A1: =巡视!A1&"铃声安排" -> 2025-2026学年高二第一学期期中考铃声安排
A2: 11月5日（周三） | D2: 11月6日（周四）
A3: 7:20分响铃（上自习铃声。跟平时一致，有预备铃跟正铃）
A4: 7:30分响铃（下自习铃声）
A5: 时间 | B5: 指令 | D5: 时间 | E5: 指令
A6: 语文考试 | D6: 4选2考试
A7: 0.33333333 | B7: 0.4375 | D7: 0.33333333 | E7: 0.44791667
A8: =A7-"0:20" -> 0.31944444 | B8: 响铃（学生要到座位就坐完毕） | D8: =D7-"0:20" -> 0.31944444 | E8: 响铃（学生要到座位就坐完毕）
A9: =A8+"0:05" -> 0.32291667 | B9: 响铃（发答题卡草稿纸） | D9: =D8+"0:05" -> 0.32291667 | E9: 响铃（发答题卡草稿纸）
A10: =A9+"0:05" -> 0.32638889 | B10: 响铃（启封试卷袋，整理试卷） | D10: =D9+"0:05" -> 0.32638889 | E10: 响铃（启封试卷袋，整理试卷）
A11: =A10+"0:05" -> 0.32986111 | B11: 响铃（发试卷） | D11: =D10+"0:05" -> 0.32986111 | E11: 响铃（发试卷）
A12: =A11+"0:05" -> 0.33333333 | B12: 响铃（考试开始，开始作答） | D12: =D11+"0:05" -> 0.33333333 | E12: 响铃（考试开始，开始作答）
A13: =A14-"0:15" -> 0.42708333 | B13: 响铃（离考试结束还有15分钟） | D13: =D14-"0:15" -> 0.375 | E13: 响铃（离考试结束还有15分钟）
A14: =B7 -> 0.4375 | B14: 响铃（考试结束） | D14: 0.38541667 | E14: 响铃（考试结束）
D15: =D14+"0:05" -> 0.38888889 | E15: 响铃（发答题卡草稿纸）
D16: 0.39236111 | E16: 响铃（发试卷）
D17: =D16+"0:05" -> 0.39583333 | E17: 响铃（考试开始，开始作答）
D18: =D19-"0:15" -> 0.4375 | E18: 响铃（离考试结束还有15分钟）
D19: 0.44791667 | E19: 响铃（考试结束）
A21: 物理/历史考试 | D21: 自习
A22: 0.45833333 | B22: 0.51041667 | D22: 0.46875 | E22: 0.51041667
A23: =A22-"0:20" -> 0.44444444 | B23: 响铃（学生要到座位就坐完毕） | D23: =D22 -> 0.46875 | E23: 上课铃
A24: =A23+"0:05" -> 0.44791667 | B24: 响铃（发答题卡草稿纸）
A25: =A24+"0:05" -> 0.45138889 | B25: 响铃（启封试卷袋，整理试卷）
A26: =A25+"0:05" -> 0.45486111 | B26: 响铃（发试卷）
A27: =A26+"0:05" -> 0.45833333 | B27: 响铃（考试开始，开始作答）
A28: =A29-"0:15" -> 0.5 | B28: 响铃（离考试结束还有15分钟）
A29: =B22 -> 0.51041667 | B29: 响铃（考试结束） | D29: =E22 -> 0.51041667 | E29: 下课铃
A31: 数学考试 | D31: 英语考试
A32: 0.60416667 | B32: 0.6875 | D32: 0.60416667 | E32: 0.6875
A33: =A32-"0:20" -> 0.59027778 | B33: 响铃（学生要到座位就坐完毕） | D33: =D32-"0:20" -> 0.59027778 | E33: 响铃（学生要到座位就坐完毕）
A34: =A33+"0:05" -> 0.59375 | B34: 响铃（发答题卡草稿纸） | D34: =D33+"0:05" -> 0.59375 | E34: 响铃（发答题卡草稿纸）
A35: =A34+"0:05" -> 0.59722222 | B35: 响铃（启封试卷袋，整理试卷） | D35: =D34+"0:05" -> 0.59722222 | E35: 响铃（启封试卷袋，整理试卷）
A36: =A35+"0:05" -> 0.60069444 | B36: 响铃（发试卷） | D36: =D35+"0:05" -> 0.60069444 | E36: 响铃（发试卷）
A37: =A36+"0:05" -> 0.60416667 | B37: 响铃（考试开始，开始作答） | D37: =D36+"0:05" -> 0.60416667 | E37: 响铃（考试开始，开始作答）
A38: =A39-"0:15" -> 0.67708333 | B38: 响铃（离考试结束还有15分钟） | D38: =D39-"0:15" -> 0.67708333 | E38: 响铃（离考试结束还有15分钟）
A39: =B32 -> 0.6875 | B39: 响铃（考试结束） | D39: =E32 -> 0.6875 | E39: 响铃（考试结束）
A41: 政治学考 | D41: 物理学考
A42: 0.70833333 | B42: 0.75 | D42: 0.70833333 | E42: 0.75
A43: =A42-"0:20" -> 0.69444444 | B43: 响铃（学生要到座位就坐完毕） | D43: =D42-"0:20" -> 0.69444444 | E43: 响铃（学生要到座位就坐完毕）
A44: =A43+"0:05" -> 0.69791667 | B44: 响铃（发答题卡草稿纸） | D44: =D43+"0:05" -> 0.69791667 | E44: 响铃（发答题卡草稿纸）
A45: =A44+"0:05" -> 0.70138889 | B45: 响铃（启封试卷袋，整理试卷） | D45: =D44+"0:05" -> 0.70138889 | E45: 响铃（启封试卷袋，整理试卷）
A46: =A45+"0:05" -> 0.70486111 | B46: 响铃（发试卷） | D46: =D45+"0:05" -> 0.70486111 | E46: 响铃（发试卷）
A47: =A46+"0:05" -> 0.70833333 | B47: 响铃（考试开始，开始作答） | D47: =D46+"0:05" -> 0.70833333 | E47: 响铃（考试开始，开始作答）
A48: =A49-"0:15" -> 0.73958333 | B48: 响铃（离考试结束还有15分钟） | D48: =D49-"0:15" -> 0.73958333 | E48: 响铃（离考试结束还有15分钟）
A49: =B42 -> 0.75 | B49: 响铃（考试结束） | D49: =E42 -> 0.75 | E49: 响铃（考试结束）

Sheet 监考安排
A1: =巡视!$A$1&"监考安排" -> 2025-2026学年高二第一学期期中考监考安排 | Q1: =IF(COUNTIF(T4:AA53,">1")>0,FALSE,TRUE) -> TRUE | T1: 11月5日（周三） | X1: 11月6日（周四）
A2: 试室 | B2: 人数 | C2: 11月5日（周三） | J2: 11月6日（周四） | T2: 语文 | U2: 物理/历史 | V2: 数学 | W2: 政治学考 | X2: 4选2 | Y2: 自习 | Z2: 英语 | AA2: 物理学考
C3: 8:00-10:30 语文 | E3: 11:00-12:15 物理/历史 | G3: 14:30-16:30 数学 | I3: 17:00-18:00 政治学考 | J3: 8:00-10:45 4选2 | L3: 11:15-12:15 自习 | M3: 14:30-16:30 英语 | O3: 17:00-18:00 物理学考 | Q3: 姓名 | R3: 段数 | S3: 时长 | T3: 8:00-10:30 | U3: 11:00-12:15 | V3: 14:30-16:30 | W3: 17:00-18:00 | X3: 8:00-10:45 | Y3: 11:15-12:15 | Z3: 14:30-16:30 | AA3: 17:00-18:00 | AD3: 物理 | AE3: 历史 | AF3: 化学 | AG3: 生物 | AH3: 地理 | AI3: 政治 | AK3: 语文20考场 | AL3: 20*45 | AM3: =20*45 -> 900 | AN3: 50 | AO3: =AM3+AN3 -> 950
A4: 高二1班 | B4: =COUNTIFS(学生编排结果!$H:$H,A4) -> 42 | C4: 蒋思明 | D4: 吕雪容 | E4: 杨眉 | F4: 张馨予 | G4: 郑婉慧 | H4: 黄朝阳 | I4: 陈美苑 | J4: 张莉萍 | K4: 杨眉 | L4: 杨眉 | M4: 陈晓迪 | N4: 黄朝阳 | O4: 马嘉骏 | Q4: 林蕴瑜 | R4: =COUNTIFS($C$4:$O$23,Q4) -> 5 | S4: =+T4*150+U4*75+V4*120+W4*60+X4*165+Y4*60+Z4*120+AA4*60 -> 465 | T4: =COUNTIFS($C$4:$D$23,Q4) -> 1 | U4: =COUNTIFS($E$4:$F$23,Q4) -> 1 | V4: =COUNTIFS($G$4:$H$23,Q4) -> 0 | W4: =COUNTIFS($I$4:$I$23,Q4) -> 0 | X4: =COUNTIFS($J$4:$K$23,Q4) -> 0 | Y4: =COUNTIFS($L$4:$L$23,Q4) -> 1 | Z4: =COUNTIFS($M$4:$N$23,Q4) -> 1 | AA4: =COUNTIFS($O$4:$O$23,Q4) -> 1 | AC4: 高二1班 | AD4: 42 | AE4: 0 | AF4: 42 | AG4: 42 | AH4: 0 | AI4: 0 | AK4: 数学20考场 | AL4: 20*45 | AM4: =20*45 -> 900 | AN4: 50 | AO4: =AM4+AN4 -> 950
A5: 高二2班 | B5: =COUNTIFS(学生编排结果!$H:$H,A5) -> 42 | C5: 王倩 | E5: 李昕雨 | G5: 王玉发 | I5: 王菲飞 | J5: 余晓娜 | L5: 李智芳 | M5: 王玉发 | O5: 陈映儿 | Q5: 明珊珊 | R5: =COUNTIFS($C$4:$O$23,Q5) -> 5 | S5: =+T5*150+U5*75+V5*120+W5*60+X5*165+Y5*60+Z5*120+AA5*60 -> 465 | T5: =COUNTIFS($C$4:$D$23,Q5) -> 1 | U5: =COUNTIFS($E$4:$F$23,Q5) -> 1 | V5: =COUNTIFS($G$4:$H$23,Q5) -> 0 | W5: =COUNTIFS($I$4:$I$23,Q5) -> 0 | X5: =COUNTIFS($J$4:$K$23,Q5) -> 0 | Y5: =COUNTIFS($L$4:$L$23,Q5) -> 1 | Z5: =COUNTIFS($M$4:$N$23,Q5) -> 1 | AA5: =COUNTIFS($O$4:$O$23,Q5) -> 1 | AC5: 高二2班 | AD5: 42 | AE5: 0 | AF5: 42 | AG5: 42 | AH5: 0 | AI5: 0 | AK5: 英语20考场 | AL5: 20*45 | AM5: =20*45 -> 900 | AN5: 50 | AO5: =AM5+AN5 -> 950
A6: 高二3班 | B6: =COUNTIFS(学生编排结果!$H:$H,A6) -> 42 | C6: 马嘉骏 | D6: 张光礼 | E6: 王昕 | F6: 李嘉燕 | G6: 刘小洪 | H6: 蒋红 | I6: 蒋思明 | J6: 王倩 | K6: 谢晨阳 | L6: 张莉萍 | M6: 刘小洪 | N6: 蒋红 | O6: 明珊珊 | Q6: 蒋思明 | R6: =COUNTIFS($C$4:$O$23,Q6) -> 5 | S6: =+T6*150+U6*75+V6*120+W6*60+X6*165+Y6*60+Z6*120+AA6*60 -> 465 | T6: =COUNTIFS($C$4:$D$23,Q6) -> 1 | U6: =COUNTIFS($E$4:$F$23,Q6) -> 1 | V6: =COUNTIFS($G$4:$H$23,Q6) -> 1 | W6: =COUNTIFS($I$4:$I$23,Q6) -> 1 | X6: =COUNTIFS($J$4:$K$23,Q6) -> 0 | Y6: =COUNTIFS($L$4:$L$23,Q6) -> 1 | Z6: =COUNTIFS($M$4:$N$23,Q6) -> 0 | AA6: =COUNTIFS($O$4:$O$23,Q6) -> 0 | AC6: 高二3班 | AD6: 42 | AE6: 0 | AF6: 42 | AG6: 42 | AH6: 0 | AI6: 0 | AK6: 物理15考场 | AL6: 15*45 | AM6: =15*45 -> 675 | AN6: 50 | AO6: =AM6+AN6 -> 725
A7: 高二4班 | B7: =COUNTIFS(学生编排结果!$H:$H,A7) -> 42 | C7: 余晓娜 | E7: 王海劲 | G7: 钟日明 | I7: 吕雪容 | J7: 李智芳 | L7: 张馨予 | M7: 钟日明 | O7: 梁洁楹 | Q7: 吕雪容 | R7: =COUNTIFS($C$4:$O$23,Q7) -> 5 | S7: =+T7*150+U7*75+V7*120+W7*60+X7*165+Y7*60+Z7*120+AA7*60 -> 465 | T7: =COUNTIFS($C$4:$D$23,Q7) -> 1 | U7: =COUNTIFS($E$4:$F$23,Q7) -> 1 | V7: =COUNTIFS($G$4:$H$23,Q7) -> 1 | W7: =COUNTIFS($I$4:$I$23,Q7) -> 1 | X7: =COUNTIFS($J$4:$K$23,Q7) -> 0 | Y7: =COUNTIFS($L$4:$L$23,Q7) -> 1 | Z7: =COUNTIFS($M$4:$N$23,Q7) -> 0 | AA7: =COUNTIFS($O$4:$O$23,Q7) -> 0 | AC7: 高二4班 | AD7: 42 | AE7: 0 | AF7: 42 | AG7: 42 | AH7: 0 | AI7: 0 | AK7: 历史5考场 | AL7: 5*45 | AM7: =5*45 -> 225 | AN7: 25 | AO7: =AM7+AN7 -> 250
A8: 高二5班 | B8: =COUNTIFS(学生编排结果!$H:$H,A8) -> 42 | C8: 林蕴瑜 | D8: 谢晨阳 | E8: 李镇国 | F8: 马嘉骏 | G8: 钟三明 | H8: 张玉静 | I8: 彭海影 | J8: 张馨予 | K8: 李昕雨 | L8: 李昕雨 | M8: 张玉静 | N8: 孙静 | O8: 林蕴瑜 | Q8: 彭海影 | R8: =COUNTIFS($C$4:$O$23,Q8) -> 5 | S8: =+T8*150+U8*75+V8*120+W8*60+X8*165+Y8*60+Z8*120+AA8*60 -> 450 | T8: =COUNTIFS($C$4:$D$23,Q8) -> 1 | U8: =COUNTIFS($E$4:$F$23,Q8) -> 0 | V8: =COUNTIFS($G$4:$H$23,Q8) -> 0 | W8: =COUNTIFS($I$4:$I$23,Q8) -> 1 | X8: =COUNTIFS($J$4:$K$23,Q8) -> 0 | Y8: =COUNTIFS($L$4:$L$23,Q8) -> 1 | Z8: =COUNTIFS($M$4:$N$23,Q8) -> 1 | AA8: =COUNTIFS($O$4:$O$23,Q8) -> 1 | AC8: 高二5班 | AD8: 42 | AE8: 0 | AF8: 42 | AG8: 42 | AH8: 0 | AI8: 0 | AK8: 化学16考场 | AL8: 16*45 | AM8: =16*45 -> 720 | AN8: 0 | AO8: =AM8+AN8 -> 720
A9: 高二6班 | B9: =COUNTIFS(学生编排结果!$H:$H,A9) -> 42 | C9: 范南莺 | E9: 林蕴瑜 | G9: 孙静 | I9: 李昕雨 | J9: 李嘉燕 | L9: 李嘉燕 | M9: 许业琳 | O9: 许业琳 | Q9: 张光礼 | R9: =COUNTIFS($C$4:$O$23,Q9) -> 3 | S9: =+T9*150+U9*75+V9*120+W9*60+X9*165+Y9*60+Z9*120+AA9*60 -> 345 | T9: =COUNTIFS($C$4:$D$23,Q9) -> 1 | U9: =COUNTIFS($E$4:$F$23,Q9) -> 1 | V9: =COUNTIFS($G$4:$H$23,Q9) -> 0 | W9: =COUNTIFS($I$4:$I$23,Q9) -> 0 | X9: =COUNTIFS($J$4:$K$23,Q9) -> 0 | Y9: =COUNTIFS($L$4:$L$23,Q9) -> 0 | Z9: =COUNTIFS($M$4:$N$23,Q9) -> 1 | AA9: =COUNTIFS($O$4:$O$23,Q9) -> 0 | AC9: 高二6班 | AD9: 42 | AE9: 0 | AF9: 42 | AG9: 42 | AH9: 0 | AI9: 0 | AK9: 生物12考场 | AL9: 12*45 | AM9: =12*45 -> 540 | AN9: 0 | AO9: =AM9+AN9 -> 540
A10: 高二7班 | B10: =COUNTIFS(学生编排结果!$H:$H,A10) -> 42 | C10: 周罗洁 | D10: 张莉萍 | E10: 明珊珊 | F10: 贺育林 | G10: 贺育林 | H10: 黄楚琪 | I10: 赵香甜 | J10: 陈映儿 | K10: 王菲飞 | L10: 林蕴瑜 | M10: 侯文娟 | N10: 刘艳 | O10: 余晓娜 | Q10: 赵香甜 | R10: =COUNTIFS($C$4:$O$23,Q10) -> 5 | S10: =+T10*150+U10*75+V10*120+W10*60+X10*165+Y10*60+Z10*120+AA10*60 -> 465 | T10: =COUNTIFS($C$4:$D$23,Q10) -> 1 | U10: =COUNTIFS($E$4:$F$23,Q10) -> 1 | V10: =COUNTIFS($G$4:$H$23,Q10) -> 0 | W10: =COUNTIFS($I$4:$I$23,Q10) -> 1 | X10: =COUNTIFS($J$4:$K$23,Q10) -> 0 | Y10: =COUNTIFS($L$4:$L$23,Q10) -> 1 | Z10: =COUNTIFS($M$4:$N$23,Q10) -> 1 | AA10: =COUNTIFS($O$4:$O$23,Q10) -> 0 | AC10: 高二7班 | AD10: 42 | AE10: 0 | AF10: 42 | AG10: 42 | AH10: 0 | AI10: 0 | AK10: 地理8考场 | AL10: 8*45 | AM10: =8*45 -> 360 | AN10: 0 | AO10: =AM10+AN10 -> 360
A11: 高二8班 | B11: =COUNTIFS(学生编排结果!$H:$H,A11) -> 42 | C11: 赵香甜 | E11: 黄楚琪 | G11: 许业琳 | I11: 段蕴瑶 | J11: 张妮 | L11: 明珊珊 | M11: 范南莺 | O11: 王倩 | Q11: 段蕴瑶 | R11: =COUNTIFS($C$4:$O$23,Q11) -> 5 | S11: =+T11*150+U11*75+V11*120+W11*60+X11*165+Y11*60+Z11*120+AA11*60 -> 465 | T11: =COUNTIFS($C$4:$D$23,Q11) -> 1 | U11: =COUNTIFS($E$4:$F$23,Q11) -> 1 | V11: =COUNTIFS($G$4:$H$23,Q11) -> 0 | W11: =COUNTIFS($I$4:$I$23,Q11) -> 1 | X11: =COUNTIFS($J$4:$K$23,Q11) -> 0 | Y11: =COUNTIFS($L$4:$L$23,Q11) -> 1 | Z11: =COUNTIFS($M$4:$N$23,Q11) -> 1 | AA11: =COUNTIFS($O$4:$O$23,Q11) -> 0 | AC11: 高二8班 | AD11: 42 | AE11: 0 | AF11: 42 | AG11: 42 | AH11: 0 | AI11: 0 | AK11: 政治7考场 | AL11: 7*45 | AM11: =7*45 -> 315 | AO11: =AM11+AN11 -> 315
A12: 高二9班 | B12: =COUNTIFS(学生编排结果!$H:$H,A12) -> 42 | C12: 段蕴瑶 | D12: 杨眉 | E12: 许业琳 | F12: 余晓娜 | G12: 陈坚 | H12: 刘良桂 | I12: 钟三明 | J12: 梁洁楹 | K12: 陈美苑 | L12: 蒋思明 | M12: 王菲飞 | N12: 王帅 | O12: 谢晨阳 | Q12: 钟三明 | R12: =COUNTIFS($C$4:$O$23,Q12) -> 4 | S12: =+T12*150+U12*75+V12*120+W12*60+X12*165+Y12*60+Z12*120+AA12*60 -> 465 | T12: =COUNTIFS($C$4:$D$23,Q12) -> 0 | U12: =COUNTIFS($E$4:$F$23,Q12) -> 0 | V12: =COUNTIFS($G$4:$H$23,Q12) -> 1 | W12: =COUNTIFS($I$4:$I$23,Q12) -> 1 | X12: =COUNTIFS($J$4:$K$23,Q12) -> 1 | Y12: =COUNTIFS($L$4:$L$23,Q12) -> 0 | Z12: =COUNTIFS($M$4:$N$23,Q12) -> 1 | AA12: =COUNTIFS($O$4:$O$23,Q12) -> 0 | AC12: 高二9班 | AD12: 42 | AE12: 0 | AF12: 42 | AG12: 42 | AH12: 0 | AI12: 0
A13: 高二10班 | B13: =COUNTIFS(学生编排结果!$H:$H,A13) -> 42 | C13: 曹芳 | E13: 王倩 | G13: 张妮 | I13: 曹芳 | J13: 蒋虹 | L13: 吕雪容 | M13: 明珊珊 | O13: 范南莺 | Q13: 曹芳 | R13: =COUNTIFS($C$4:$O$23,Q13) -> 5 | S13: =+T13*150+U13*75+V13*120+W13*60+X13*165+Y13*60+Z13*120+AA13*60 -> 465 | T13: =COUNTIFS($C$4:$D$23,Q13) -> 1 | U13: =COUNTIFS($E$4:$F$23,Q13) -> 1 | V13: =COUNTIFS($G$4:$H$23,Q13) -> 0 | W13: =COUNTIFS($I$4:$I$23,Q13) -> 1 | X13: =COUNTIFS($J$4:$K$23,Q13) -> 0 | Y13: =COUNTIFS($L$4:$L$23,Q13) -> 1 | Z13: =COUNTIFS($M$4:$N$23,Q13) -> 1 | AA13: =COUNTIFS($O$4:$O$23,Q13) -> 0 | AC13: 高二10班 | AD13: 41 | AE13: 0 | AF13: 41 | AG13: 41 | AH13: 0 | AI13: 0 | AK13: 物理学考20考场 | AL13: 20*45 | AM13: =20*45 -> 900 | AN13: 50 | AO13: =AM13+AN13 -> 950
A14: 高二11班 | B14: =COUNTIFS(学生编排结果!$H:$H,A14) -> 42 | C14: 郑婉慧 | D14: 贺育林 | E14: 郑婉慧 | F14: 陈晓迪 | G14: 李镇国 | H14: 王昕 | I14: 刘良桂 | J14: 陈晓迪 | K14: 范南莺 | L14: 彭海影 | M14: 陈映儿 | N14: 林蕴瑜 | O14: 彭海影 | Q14: 刘良桂 | R14: =COUNTIFS($C$4:$O$23,Q14) -> 5 | S14: =+T14*150+U14*75+V14*120+W14*60+X14*165+Y14*60+Z14*120+AA14*60 -> 435 | T14: =COUNTIFS($C$4:$D$23,Q14) -> 0 | U14: =COUNTIFS($E$4:$F$23,Q14) -> 1 | V14: =COUNTIFS($G$4:$H$23,Q14) -> 1 | W14: =COUNTIFS($I$4:$I$23,Q14) -> 1 | X14: =COUNTIFS($J$4:$K$23,Q14) -> 0 | Y14: =COUNTIFS($L$4:$L$23,Q14) -> 1 | Z14: =COUNTIFS($M$4:$N$23,Q14) -> 1 | AA14: =COUNTIFS($O$4:$O$23,Q14) -> 0 | AC14: 高二11班 | AD14: 42 | AE14: 0 | AF14: 42 | AG14: 42 | AH14: 0 | AI14: 0 | AK14: 政治学考20考场 | AL14: 20*45 | AM14: =20*45 -> 900 | AN14: 50 | AO14: =AM14+AN14 -> 950
A15: 高二12班 | B15: =COUNTIFS(学生编排结果!$H:$H,A15) -> 42 | C15: 黄楚琪 | E15: 张妮 | G15: 吕雪容 | I15: 贺育林 | J15: 钟三明 | L15: 王昕 | M15: 彭海影 | O15: 张妮 | Q15: 贺育林 | R15: =COUNTIFS($C$4:$O$23,Q15) -> 5 | S15: =+T15*150+U15*75+V15*120+W15*60+X15*165+Y15*60+Z15*120+AA15*60 -> 465 | T15: =COUNTIFS($C$4:$D$23,Q15) -> 1 | U15: =COUNTIFS($E$4:$F$23,Q15) -> 1 | V15: =COUNTIFS($G$4:$H$23,Q15) -> 1 | W15: =COUNTIFS($I$4:$I$23,Q15) -> 1 | X15: =COUNTIFS($J$4:$K$23,Q15) -> 0 | Y15: =COUNTIFS($L$4:$L$23,Q15) -> 1 | Z15: =COUNTIFS($M$4:$N$23,Q15) -> 0 | AA15: =COUNTIFS($O$4:$O$23,Q15) -> 0 | AC15: 高二12班 | AD15: 42 | AE15: 0 | AF15: 42 | AG15: 0 | AH15: 42 | AI15: 0
A16: 高二13班 | B16: =COUNTIFS(学生编排结果!$H:$H,A16) -> 42 | C16: 蒋红 | D16: 孙静 | E16: 张莉萍 | F16: 蒋思明 | G16: 李昕雨 | H16: 陈映儿 | I16: 黄楚琪 | J16: 王玉发 | K16: 刘小洪 | L16: 赵香甜 | M16: 张光礼 | N16: 赵香甜 | O16: 周罗洁 | Q16: 黄楚琪 | R16: =COUNTIFS($C$4:$O$23,Q16) -> 5 | S16: =+T16*150+U16*75+V16*120+W16*60+X16*165+Y16*60+Z16*120+AA16*60 -> 465 | T16: =COUNTIFS($C$4:$D$23,Q16) -> 1 | U16: =COUNTIFS($E$4:$F$23,Q16) -> 1 | V16: =COUNTIFS($G$4:$H$23,Q16) -> 1 | W16: =COUNTIFS($I$4:$I$23,Q16) -> 1 | X16: =COUNTIFS($J$4:$K$23,Q16) -> 0 | Y16: =COUNTIFS($L$4:$L$23,Q16) -> 1 | Z16: =COUNTIFS($M$4:$N$23,Q16) -> 0 | AA16: =COUNTIFS($O$4:$O$23,Q16) -> 0 | AC16: 高二13班 | AD16: 42 | AE16: 0 | AF16: 42 | AG16: 0 | AH16: 42 | AI16: 0
A17: 高二14班 | B17: =COUNTIFS(学生编排结果!$H:$H,A17) -> 42 | C17: 张芷欣 | E17: 吕雪容 | G17: 王菲飞 | I17: 蒋虹 | J17: 张芷欣 | L17: 段蕴瑶 | M17: 段蕴瑶 | O17: 李镇国 | Q17: 许业琳 | R17: =COUNTIFS($C$4:$O$23,Q17) -> 5 | S17: =+T17*150+U17*75+V17*120+W17*60+X17*165+Y17*60+Z17*120+AA17*60 -> 435 | T17: =COUNTIFS($C$4:$D$23,Q17) -> 0 | U17: =COUNTIFS($E$4:$F$23,Q17) -> 1 | V17: =COUNTIFS($G$4:$H$23,Q17) -> 1 | W17: =COUNTIFS($I$4:$I$23,Q17) -> 0 | X17: =COUNTIFS($J$4:$K$23,Q17) -> 0 | Y17: =COUNTIFS($L$4:$L$23,Q17) -> 1 | Z17: =COUNTIFS($M$4:$N$23,Q17) -> 1 | AA17: =COUNTIFS($O$4:$O$23,Q17) -> 1 | AC17: 高二14班 | AD17: 42 | AE17: 0 | AF17: 42 | AG17: 0 | AH17: 0 | AI17: 42
A18: 高二15班 | B18: =COUNTIFS(学生编排结果!$H:$H,A18) -> 42 | C18: 侯文娟 | D18: 刘艳 | E18: 孙静 | F18: 张光礼 | G18: 梁洁楹 | H18: 陈美苑 | I18: 张芷欣 | J18: 钟日明 | K18: 张玉静 | L18: 张妮 | M18: 钟三明 | N18: 曹芳 | O18: 陈坚 | Q18: 陈坚 | R18: =COUNTIFS($C$4:$O$23,Q18) -> 4 | S18: =+T18*150+U18*75+V18*120+W18*60+X18*165+Y18*60+Z18*120+AA18*60 -> 465 | T18: =COUNTIFS($C$4:$D$23,Q18) -> 0 | U18: =COUNTIFS($E$4:$F$23,Q18) -> 0 | V18: =COUNTIFS($G$4:$H$23,Q18) -> 1 | W18: =COUNTIFS($I$4:$I$23,Q18) -> 0 | X18: =COUNTIFS($J$4:$K$23,Q18) -> 1 | Y18: =COUNTIFS($L$4:$L$23,Q18) -> 0 | Z18: =COUNTIFS($M$4:$N$23,Q18) -> 1 | AA18: =COUNTIFS($O$4:$O$23,Q18) -> 1 | AC18: 高二15班 | AD18: 0 | AE18: 42 | AF18: 0 | AG18: 0 | AH18: 42 | AI18: 42
A19: 高二16班 | B19: =COUNTIFS(学生编排结果!$H:$H,A19) -> 42 | C19: 李智芳 | E19: 赵香甜 | G19: 蒋虹 | I19: 谢晨阳 | J19: 陈坚 | L19: 曹芳 | M19: 刘良桂 | O19: 王玉发 | Q19: 郑婉慧 | R19: =COUNTIFS($C$4:$O$23,Q19) -> 4 | S19: =+T19*150+U19*75+V19*120+W19*60+X19*165+Y19*60+Z19*120+AA19*60 -> 465 | T19: =COUNTIFS($C$4:$D$23,Q19) -> 1 | U19: =COUNTIFS($E$4:$F$23,Q19) -> 1 | V19: =COUNTIFS($G$4:$H$23,Q19) -> 1 | W19: =COUNTIFS($I$4:$I$23,Q19) -> 0 | X19: =COUNTIFS($J$4:$K$23,Q19) -> 0 | Y19: =COUNTIFS($L$4:$L$23,Q19) -> 0 | Z19: =COUNTIFS($M$4:$N$23,Q19) -> 1 | AA19: =COUNTIFS($O$4:$O$23,Q19) -> 0 | AC19: 高二16班 | AD19: 0 | AE19: 42 | AF19: 0 | AG19: 0 | AH19: 42 | AI19: 42
A20: 公共课室3 | B20: =COUNTIFS(学生编排结果!$H:$H,A20) -> 42 | C20: 王帅 | D20: 张馨予 | E20: 段蕴瑶 | F20: 曹芳 | G20: 张芷欣 | H20: 侯文娟 | I20: 王帅 | J20: 黄朝阳 | K20: 周罗洁 | L20: 刘良桂 | M20: 梁洁楹 | N20: 陈美苑 | O20: 刘小洪 | Q20: 周罗洁 | R20: =COUNTIFS($C$4:$O$23,Q20) -> 4 | S20: =+T20*150+U20*75+V20*120+W20*60+X20*165+Y20*60+Z20*120+AA20*60 -> 495 | T20: =COUNTIFS($C$4:$D$23,Q20) -> 1 | U20: =COUNTIFS($E$4:$F$23,Q20) -> 0 | V20: =COUNTIFS($G$4:$H$23,Q20) -> 0 | W20: =COUNTIFS($I$4:$I$23,Q20) -> 0 | X20: =COUNTIFS($J$4:$K$23,Q20) -> 1 | Y20: =COUNTIFS($L$4:$L$23,Q20) -> 0 | Z20: =COUNTIFS($M$4:$N$23,Q20) -> 1 | AA20: =COUNTIFS($O$4:$O$23,Q20) -> 1 | AC20: 公共课室3 | AD20: 0 | AE20: 42 | AF20: 0 | AG20: 0 | AH20: 42 | AI20: 42
A21: 公共课室4 | B21: =COUNTIFS(学生编排结果!$H:$H,A21) -> 42 | C21: 彭海影 | E21: 刘良桂 | G21: 刘艳 | I21: 王昕 | J21: 王昕 | L21: 贺育林 | M21: 蒋虹 | O21: 蒋红 | Q21: 王昕 | R21: =COUNTIFS($C$4:$O$23,Q21) -> 5 | S21: =+T21*150+U21*75+V21*120+W21*60+X21*165+Y21*60+Z21*120+AA21*60 -> 480 | T21: =COUNTIFS($C$4:$D$23,Q21) -> 0 | U21: =COUNTIFS($E$4:$F$23,Q21) -> 1 | V21: =COUNTIFS($G$4:$H$23,Q21) -> 1 | W21: =COUNTIFS($I$4:$I$23,Q21) -> 1 | X21: =COUNTIFS($J$4:$K$23,Q21) -> 1 | Y21: =COUNTIFS($L$4:$L$23,Q21) -> 1 | Z21: =COUNTIFS($M$4:$N$23,Q21) -> 0 | AA21: =COUNTIFS($O$4:$O$23,Q21) -> 0 | AC21: 公共课室4 | AD21: 0 | AE21: 42 | AF21: 0 | AG21: 0 | AH21: 42 | AI21: 42
A22: 公共课室5 | B22: =COUNTIFS(学生编排结果!$H:$H,A22) -> 36 | C22: 明珊珊 | D22: 李嘉燕 | E22: 黄朝阳 | F22: 侯文娟 | G22: 李智芳 | H22: 蒋思明 | I22: 王海劲 | J22: 王海劲 | K22: 李镇国 | L22: 黄楚琪 | M22: 陈坚 | N22: 郑婉慧 | O22: 钟日明 | Q22: 王海劲 | R22: =COUNTIFS($C$4:$O$23,Q22) -> 4 | S22: =+T22*150+U22*75+V22*120+W22*60+X22*165+Y22*60+Z22*120+AA22*60 -> 450 | T22: =COUNTIFS($C$4:$D$23,Q22) -> 1 | U22: =COUNTIFS($E$4:$F$23,Q22) -> 1 | V22: =COUNTIFS($G$4:$H$23,Q22) -> 0 | W22: =COUNTIFS($I$4:$I$23,Q22) -> 1 | X22: =COUNTIFS($J$4:$K$23,Q22) -> 1 | Y22: =COUNTIFS($L$4:$L$23,Q22) -> 0 | Z22: =COUNTIFS($M$4:$N$23,Q22) -> 0 | AA22: =COUNTIFS($O$4:$O$23,Q22) -> 0 | AC22: 公共课室5 | AD22: 37 (1-37) | AE22: 0 | AF22: 34(1-33、37) | AG22: 8 (29-36) | AH22: 19 (1-17、34-35) | AI22: 13 (18-28、36-37)
A23: 公共课室6 | B23: =COUNTIFS(学生编排结果!$H:$H,A23) -> 25 | C23: 王海劲 | E23: 刘艳 | G23: 王帅 | I23: 李镇国 | J23: 马嘉骏 | L23: 许业琳 | M23: 周罗洁 | O23: 张玉静 | Q23: 李镇国 | R23: =COUNTIFS($C$4:$O$23,Q23) -> 5 | S23: =+T23*150+U23*75+V23*120+W23*60+X23*165+Y23*60+Z23*120+AA23*60 -> 480 | T23: =COUNTIFS($C$4:$D$23,Q23) -> 0 | U23: =COUNTIFS($E$4:$F$23,Q23) -> 1 | V23: =COUNTIFS($G$4:$H$23,Q23) -> 1 | W23: =COUNTIFS($I$4:$I$23,Q23) -> 1 | X23: =COUNTIFS($J$4:$K$23,Q23) -> 1 | Y23: =COUNTIFS($L$4:$L$23,Q23) -> 0 | Z23: =COUNTIFS($M$4:$N$23,Q23) -> 0 | AA23: =COUNTIFS($O$4:$O$23,Q23) -> 1 | AC23: 公共课室6 | AD23: 0 | AE23: 25 (1-25) | AF23: 1 (25) | AG23: 9 (16-24) | AH23: 18 (1-15、22-24) | AI23: 22 (1-21、25)
A24: 考务室：三楼报告厅1 提前30分钟到考务室签到 | Q24: 马嘉骏 | R24: =COUNTIFS($C$4:$O$23,Q24) -> 4 | S24: =+T24*150+U24*75+V24*120+W24*60+X24*165+Y24*60+Z24*120+AA24*60 -> 450 | T24: =COUNTIFS($C$4:$D$23,Q24) -> 1 | U24: =COUNTIFS($E$4:$F$23,Q24) -> 1 | V24: =COUNTIFS($G$4:$H$23,Q24) -> 0 | W24: =COUNTIFS($I$4:$I$23,Q24) -> 0 | X24: =COUNTIFS($J$4:$K$23,Q24) -> 1 | Y24: =COUNTIFS($L$4:$L$23,Q24) -> 0 | Z24: =COUNTIFS($M$4:$N$23,Q24) -> 0 | AA24: =COUNTIFS($O$4:$O$23,Q24) -> 1 | AC24: 总计 | AD24: 624 | AE24: 193 | AF24: 622 | AG24: 479 | AH24: 289 | AI24: 244
Q25: 陈映儿 | R25: =COUNTIFS($C$4:$O$23,Q25) -> 4 | S25: =+T25*150+U25*75+V25*120+W25*60+X25*165+Y25*60+Z25*120+AA25*60 -> 465 | T25: =COUNTIFS($C$4:$D$23,Q25) -> 0 | U25: =COUNTIFS($E$4:$F$23,Q25) -> 0 | V25: =COUNTIFS($G$4:$H$23,Q25) -> 1 | W25: =COUNTIFS($I$4:$I$23,Q25) -> 0 | X25: =COUNTIFS($J$4:$K$23,Q25) -> 1 | Y25: =COUNTIFS($L$4:$L$23,Q25) -> 0 | Z25: =COUNTIFS($M$4:$N$23,Q25) -> 1 | AA25: =COUNTIFS($O$4:$O$23,Q25) -> 1
Q26: 王菲飞 | R26: =COUNTIFS($C$4:$O$23,Q26) -> 4 | S26: =+T26*150+U26*75+V26*120+W26*60+X26*165+Y26*60+Z26*120+AA26*60 -> 465 | T26: =COUNTIFS($C$4:$D$23,Q26) -> 0 | U26: =COUNTIFS($E$4:$F$23,Q26) -> 0 | V26: =COUNTIFS($G$4:$H$23,Q26) -> 1 | W26: =COUNTIFS($I$4:$I$23,Q26) -> 1 | X26: =COUNTIFS($J$4:$K$23,Q26) -> 1 | Y26: =COUNTIFS($L$4:$L$23,Q26) -> 0 | Z26: =COUNTIFS($M$4:$N$23,Q26) -> 1 | AA26: =COUNTIFS($O$4:$O$23,Q26) -> 0
Q27: 梁洁楹 | R27: =COUNTIFS($C$4:$O$23,Q27) -> 4 | S27: =+T27*150+U27*75+V27*120+W27*60+X27*165+Y27*60+Z27*120+AA27*60 -> 465 | T27: =COUNTIFS($C$4:$D$23,Q27) -> 0 | U27: =COUNTIFS($E$4:$F$23,Q27) -> 0 | V27: =COUNTIFS($G$4:$H$23,Q27) -> 1 | W27: =COUNTIFS($I$4:$I$23,Q27) -> 0 | X27: =COUNTIFS($J$4:$K$23,Q27) -> 1 | Y27: =COUNTIFS($L$4:$L$23,Q27) -> 0 | Z27: =COUNTIFS($M$4:$N$23,Q27) -> 1 | AA27: =COUNTIFS($O$4:$O$23,Q27) -> 1
Q28: 陈美苑 | R28: =COUNTIFS($C$4:$O$23,Q28) -> 4 | S28: =+T28*150+U28*75+V28*120+W28*60+X28*165+Y28*60+Z28*120+AA28*60 -> 465 | T28: =COUNTIFS($C$4:$D$23,Q28) -> 0 | U28: =COUNTIFS($E$4:$F$23,Q28) -> 0 | V28: =COUNTIFS($G$4:$H$23,Q28) -> 1 | W28: =COUNTIFS($I$4:$I$23,Q28) -> 1 | X28: =COUNTIFS($J$4:$K$23,Q28) -> 1 | Y28: =COUNTIFS($L$4:$L$23,Q28) -> 0 | Z28: =COUNTIFS($M$4:$N$23,Q28) -> 1 | AA28: =COUNTIFS($O$4:$O$23,Q28) -> 0 | AD28: 4选2考试顺序
Q29: 蒋虹 | R29: =COUNTIFS($C$4:$O$23,Q29) -> 4 | S29: =+T29*150+U29*75+V29*120+W29*60+X29*165+Y29*60+Z29*120+AA29*60 -> 465 | T29: =COUNTIFS($C$4:$D$23,Q29) -> 0 | U29: =COUNTIFS($E$4:$F$23,Q29) -> 0 | V29: =COUNTIFS($G$4:$H$23,Q29) -> 1 | W29: =COUNTIFS($I$4:$I$23,Q29) -> 1 | X29: =COUNTIFS($J$4:$K$23,Q29) -> 1 | Y29: =COUNTIFS($L$4:$L$23,Q29) -> 0 | Z29: =COUNTIFS($M$4:$N$23,Q29) -> 1 | AA29: =COUNTIFS($O$4:$O$23,Q29) -> 0
Q30: 余晓娜 | R30: =COUNTIFS($C$4:$O$23,Q30) -> 4 | S30: =+T30*150+U30*75+V30*120+W30*60+X30*165+Y30*60+Z30*120+AA30*60 -> 450 | T30: =COUNTIFS($C$4:$D$23,Q30) -> 1 | U30: =COUNTIFS($E$4:$F$23,Q30) -> 1 | V30: =COUNTIFS($G$4:$H$23,Q30) -> 0 | W30: =COUNTIFS($I$4:$I$23,Q30) -> 0 | X30: =COUNTIFS($J$4:$K$23,Q30) -> 1 | Y30: =COUNTIFS($L$4:$L$23,Q30) -> 0 | Z30: =COUNTIFS($M$4:$N$23,Q30) -> 0 | AA30: =COUNTIFS($O$4:$O$23,Q30) -> 1 | AF30: 第一段 | AH30: 第二段
Q31: 王倩 | R31: =COUNTIFS($C$4:$O$23,Q31) -> 4 | S31: =+T31*150+U31*75+V31*120+W31*60+X31*165+Y31*60+Z31*120+AA31*60 -> 450 | T31: =COUNTIFS($C$4:$D$23,Q31) -> 1 | U31: =COUNTIFS($E$4:$F$23,Q31) -> 1 | V31: =COUNTIFS($G$4:$H$23,Q31) -> 0 | W31: =COUNTIFS($I$4:$I$23,Q31) -> 0 | X31: =COUNTIFS($J$4:$K$23,Q31) -> 1 | Y31: =COUNTIFS($L$4:$L$23,Q31) -> 0 | Z31: =COUNTIFS($M$4:$N$23,Q31) -> 0 | AA31: =COUNTIFS($O$4:$O$23,Q31) -> 1 | AD31: 1-11班 | AF31: 化学 | AH31: 生物
Q32: 谢晨阳 | R32: =COUNTIFS($C$4:$O$23,Q32) -> 4 | S32: =+T32*150+U32*75+V32*120+W32*60+X32*165+Y32*60+Z32*120+AA32*60 -> 435 | T32: =COUNTIFS($C$4:$D$23,Q32) -> 1 | U32: =COUNTIFS($E$4:$F$23,Q32) -> 0 | V32: =COUNTIFS($G$4:$H$23,Q32) -> 0 | W32: =COUNTIFS($I$4:$I$23,Q32) -> 1 | X32: =COUNTIFS($J$4:$K$23,Q32) -> 1 | Y32: =COUNTIFS($L$4:$L$23,Q32) -> 0 | Z32: =COUNTIFS($M$4:$N$23,Q32) -> 0 | AA32: =COUNTIFS($O$4:$O$23,Q32) -> 1 | AD32: 12-13班 | AF32: 化学 | AH32: 地理
Q33: 范南莺 | R33: =COUNTIFS($C$4:$O$23,Q33) -> 4 | S33: =+T33*150+U33*75+V33*120+W33*60+X33*165+Y33*60+Z33*120+AA33*60 -> 495 | T33: =COUNTIFS($C$4:$D$23,Q33) -> 1 | U33: =COUNTIFS($E$4:$F$23,Q33) -> 0 | V33: =COUNTIFS($G$4:$H$23,Q33) -> 0 | W33: =COUNTIFS($I$4:$I$23,Q33) -> 0 | X33: =COUNTIFS($J$4:$K$23,Q33) -> 1 | Y33: =COUNTIFS($L$4:$L$23,Q33) -> 0 | Z33: =COUNTIFS($M$4:$N$23,Q33) -> 1 | AA33: =COUNTIFS($O$4:$O$23,Q33) -> 1 | AD33: 14班 | AF33: 化学 | AH33: 政治
Q34: 罗雯雯 | R34: 请假 | S34: =+T34*150+U34*75+V34*120+W34*60+X34*165+Y34*60+Z34*120+AA34*60 -> 0 | T34: =COUNTIFS($C$4:$D$23,Q34) -> 0 | U34: =COUNTIFS($E$4:$F$23,Q34) -> 0 | V34: =COUNTIFS($G$4:$H$23,Q34) -> 0 | W34: =COUNTIFS($I$4:$I$23,Q34) -> 0 | X34: =COUNTIFS($J$4:$K$23,Q34) -> 0 | Y34: =COUNTIFS($L$4:$L$23,Q34) -> 0 | Z34: =COUNTIFS($M$4:$N$23,Q34) -> 0 | AA34: =COUNTIFS($O$4:$O$23,Q34) -> 0 | AD34: 15-公共4 | AF34: 地理 | AH34: 政治
Q35: 张妮 | R35: =COUNTIFS($C$4:$O$23,Q35) -> 5 | S35: =+T35*150+U35*75+V35*120+W35*60+X35*165+Y35*60+Z35*120+AA35*60 -> 480 | T35: =COUNTIFS($C$4:$D$23,Q35) -> 0 | U35: =COUNTIFS($E$4:$F$23,Q35) -> 1 | V35: =COUNTIFS($G$4:$H$23,Q35) -> 1 | W35: =COUNTIFS($I$4:$I$23,Q35) -> 0 | X35: =COUNTIFS($J$4:$K$23,Q35) -> 1 | Y35: =COUNTIFS($L$4:$L$23,Q35) -> 1 | Z35: =COUNTIFS($M$4:$N$23,Q35) -> 0 | AA35: =COUNTIFS($O$4:$O$23,Q35) -> 1 | AD35: 公5 | AF35: 化学（1-33、37） 生物（34-36） | AH35: 地理（1-17、34-35） 政治（18-28、36-37） 生物（29-33）
Q36: 张莉萍 | R36: =COUNTIFS($C$4:$O$23,Q36) -> 4 | S36: =+T36*150+U36*75+V36*120+W36*60+X36*165+Y36*60+Z36*120+AA36*60 -> 450 | T36: =COUNTIFS($C$4:$D$23,Q36) -> 1 | U36: =COUNTIFS($E$4:$F$23,Q36) -> 1 | V36: =COUNTIFS($G$4:$H$23,Q36) -> 0 | W36: =COUNTIFS($I$4:$I$23,Q36) -> 0 | X36: =COUNTIFS($J$4:$K$23,Q36) -> 1 | Y36: =COUNTIFS($L$4:$L$23,Q36) -> 1 | Z36: =COUNTIFS($M$4:$N$23,Q36) -> 0 | AA36: =COUNTIFS($O$4:$O$23,Q36) -> 0
Q37: 陈晓迪 | R37: =COUNTIFS($C$4:$O$23,Q37) -> 3 | S37: =+T37*150+U37*75+V37*120+W37*60+X37*165+Y37*60+Z37*120+AA37*60 -> 360 | T37: =COUNTIFS($C$4:$D$23,Q37) -> 0 | U37: =COUNTIFS($E$4:$F$23,Q37) -> 1 | V37: =COUNTIFS($G$4:$H$23,Q37) -> 0 | W37: =COUNTIFS($I$4:$I$23,Q37) -> 0 | X37: =COUNTIFS($J$4:$K$23,Q37) -> 1 | Y37: =COUNTIFS($L$4:$L$23,Q37) -> 0 | Z37: =COUNTIFS($M$4:$N$23,Q37) -> 1 | AA37: =COUNTIFS($O$4:$O$23,Q37) -> 0
Q38: 黄朝阳 | R38: =COUNTIFS($C$4:$O$23,Q38) -> 4 | S38: =+T38*150+U38*75+V38*120+W38*60+X38*165+Y38*60+Z38*120+AA38*60 -> 480 | T38: =COUNTIFS($C$4:$D$23,Q38) -> 0 | U38: =COUNTIFS($E$4:$F$23,Q38) -> 1 | V38: =COUNTIFS($G$4:$H$23,Q38) -> 1 | W38: =COUNTIFS($I$4:$I$23,Q38) -> 0 | X38: =COUNTIFS($J$4:$K$23,Q38) -> 1 | Y38: =COUNTIFS($L$4:$L$23,Q38) -> 0 | Z38: =COUNTIFS($M$4:$N$23,Q38) -> 1 | AA38: =COUNTIFS($O$4:$O$23,Q38) -> 0 | AD38: 公6 | AF38: 地理（1-15） 生物（16-24） 化学（25） | AH38: 政治（1-21） 地理（22-24） 政治（25）
Q39: 杨眉 | R39: =COUNTIFS($C$4:$O$23,Q39) -> 4 | S39: =+T39*150+U39*75+V39*120+W39*60+X39*165+Y39*60+Z39*120+AA39*60 -> 450 | T39: =COUNTIFS($C$4:$D$23,Q39) -> 1 | U39: =COUNTIFS($E$4:$F$23,Q39) -> 1 | V39: =COUNTIFS($G$4:$H$23,Q39) -> 0 | W39: =COUNTIFS($I$4:$I$23,Q39) -> 0 | X39: =COUNTIFS($J$4:$K$23,Q39) -> 1 | Y39: =COUNTIFS($L$4:$L$23,Q39) -> 1 | Z39: =COUNTIFS($M$4:$N$23,Q39) -> 0 | AA39: =COUNTIFS($O$4:$O$23,Q39) -> 0
Q40: 王玉发 | R40: =COUNTIFS($C$4:$O$23,Q40) -> 4 | S40: =+T40*150+U40*75+V40*120+W40*60+X40*165+Y40*60+Z40*120+AA40*60 -> 465 | T40: =COUNTIFS($C$4:$D$23,Q40) -> 0 | U40: =COUNTIFS($E$4:$F$23,Q40) -> 0 | V40: =COUNTIFS($G$4:$H$23,Q40) -> 1 | W40: =COUNTIFS($I$4:$I$23,Q40) -> 0 | X40: =COUNTIFS($J$4:$K$23,Q40) -> 1 | Y40: =COUNTIFS($L$4:$L$23,Q40) -> 0 | Z40: =COUNTIFS($M$4:$N$23,Q40) -> 1 | AA40: =COUNTIFS($O$4:$O$23,Q40) -> 1
Q41: 刘小洪 | R41: =COUNTIFS($C$4:$O$23,Q41) -> 4 | S41: =+T41*150+U41*75+V41*120+W41*60+X41*165+Y41*60+Z41*120+AA41*60 -> 465 | T41: =COUNTIFS($C$4:$D$23,Q41) -> 0 | U41: =COUNTIFS($E$4:$F$23,Q41) -> 0 | V41: =COUNTIFS($G$4:$H$23,Q41) -> 1 | W41: =COUNTIFS($I$4:$I$23,Q41) -> 0 | X41: =COUNTIFS($J$4:$K$23,Q41) -> 1 | Y41: =COUNTIFS($L$4:$L$23,Q41) -> 0 | Z41: =COUNTIFS($M$4:$N$23,Q41) -> 1 | AA41: =COUNTIFS($O$4:$O$23,Q41) -> 1
Q42: 蒋红 | R42: =COUNTIFS($C$4:$O$23,Q42) -> 4 | S42: =+T42*150+U42*75+V42*120+W42*60+X42*165+Y42*60+Z42*120+AA42*60 -> 450 | T42: =COUNTIFS($C$4:$D$23,Q42) -> 1 | U42: =COUNTIFS($E$4:$F$23,Q42) -> 0 | V42: =COUNTIFS($G$4:$H$23,Q42) -> 1 | W42: =COUNTIFS($I$4:$I$23,Q42) -> 0 | X42: =COUNTIFS($J$4:$K$23,Q42) -> 0 | Y42: =COUNTIFS($L$4:$L$23,Q42) -> 0 | Z42: =COUNTIFS($M$4:$N$23,Q42) -> 1 | AA42: =COUNTIFS($O$4:$O$23,Q42) -> 1
Q43: 钟日明 | R43: =COUNTIFS($C$4:$O$23,Q43) -> 4 | S43: =+T43*150+U43*75+V43*120+W43*60+X43*165+Y43*60+Z43*120+AA43*60 -> 465 | T43: =COUNTIFS($C$4:$D$23,Q43) -> 0 | U43: =COUNTIFS($E$4:$F$23,Q43) -> 0 | V43: =COUNTIFS($G$4:$H$23,Q43) -> 1 | W43: =COUNTIFS($I$4:$I$23,Q43) -> 0 | X43: =COUNTIFS($J$4:$K$23,Q43) -> 1 | Y43: =COUNTIFS($L$4:$L$23,Q43) -> 0 | Z43: =COUNTIFS($M$4:$N$23,Q43) -> 1 | AA43: =COUNTIFS($O$4:$O$23,Q43) -> 1
Q44: 张玉静 | R44: =COUNTIFS($C$4:$O$23,Q44) -> 4 | S44: =+T44*150+U44*75+V44*120+W44*60+X44*165+Y44*60+Z44*120+AA44*60 -> 465 | T44: =COUNTIFS($C$4:$D$23,Q44) -> 0 | U44: =COUNTIFS($E$4:$F$23,Q44) -> 0 | V44: =COUNTIFS($G$4:$H$23,Q44) -> 1 | W44: =COUNTIFS($I$4:$I$23,Q44) -> 0 | X44: =COUNTIFS($J$4:$K$23,Q44) -> 1 | Y44: =COUNTIFS($L$4:$L$23,Q44) -> 0 | Z44: =COUNTIFS($M$4:$N$23,Q44) -> 1 | AA44: =COUNTIFS($O$4:$O$23,Q44) -> 1
Q45: 孙静 | R45: =COUNTIFS($C$4:$O$23,Q45) -> 4 | S45: =+T45*150+U45*75+V45*120+W45*60+X45*165+Y45*60+Z45*120+AA45*60 -> 465 | T45: =COUNTIFS($C$4:$D$23,Q45) -> 1 | U45: =COUNTIFS($E$4:$F$23,Q45) -> 1 | V45: =COUNTIFS($G$4:$H$23,Q45) -> 1 | W45: =COUNTIFS($I$4:$I$23,Q45) -> 0 | X45: =COUNTIFS($J$4:$K$23,Q45) -> 0 | Y45: =COUNTIFS($L$4:$L$23,Q45) -> 0 | Z45: =COUNTIFS($M$4:$N$23,Q45) -> 1 | AA45: =COUNTIFS($O$4:$O$23,Q45) -> 0
Q46: 张芷欣 | R46: =COUNTIFS($C$4:$O$23,Q46) -> 4 | S46: =+T46*150+U46*75+V46*120+W46*60+X46*165+Y46*60+Z46*120+AA46*60 -> 495 | T46: =COUNTIFS($C$4:$D$23,Q46) -> 1 | U46: =COUNTIFS($E$4:$F$23,Q46) -> 0 | V46: =COUNTIFS($G$4:$H$23,Q46) -> 1 | W46: =COUNTIFS($I$4:$I$23,Q46) -> 1 | X46: =COUNTIFS($J$4:$K$23,Q46) -> 1 | Y46: =COUNTIFS($L$4:$L$23,Q46) -> 0 | Z46: =COUNTIFS($M$4:$N$23,Q46) -> 0 | AA46: =COUNTIFS($O$4:$O$23,Q46) -> 0
Q47: 侯文娟 | R47: =COUNTIFS($C$4:$O$23,Q47) -> 4 | S47: =+T47*150+U47*75+V47*120+W47*60+X47*165+Y47*60+Z47*120+AA47*60 -> 465 | T47: =COUNTIFS($C$4:$D$23,Q47) -> 1 | U47: =COUNTIFS($E$4:$F$23,Q47) -> 1 | V47: =COUNTIFS($G$4:$H$23,Q47) -> 1 | W47: =COUNTIFS($I$4:$I$23,Q47) -> 0 | X47: =COUNTIFS($J$4:$K$23,Q47) -> 0 | Y47: =COUNTIFS($L$4:$L$23,Q47) -> 0 | Z47: =COUNTIFS($M$4:$N$23,Q47) -> 1 | AA47: =COUNTIFS($O$4:$O$23,Q47) -> 0
Q48: 刘艳 | R48: =COUNTIFS($C$4:$O$23,Q48) -> 4 | S48: =+T48*150+U48*75+V48*120+W48*60+X48*165+Y48*60+Z48*120+AA48*60 -> 465 | T48: =COUNTIFS($C$4:$D$23,Q48) -> 1 | U48: =COUNTIFS($E$4:$F$23,Q48) -> 1 | V48: =COUNTIFS($G$4:$H$23,Q48) -> 1 | W48: =COUNTIFS($I$4:$I$23,Q48) -> 0 | X48: =COUNTIFS($J$4:$K$23,Q48) -> 0 | Y48: =COUNTIFS($L$4:$L$23,Q48) -> 0 | Z48: =COUNTIFS($M$4:$N$23,Q48) -> 1 | AA48: =COUNTIFS($O$4:$O$23,Q48) -> 0
Q49: 李智芳 | R49: =COUNTIFS($C$4:$O$23,Q49) -> 4 | S49: =+T49*150+U49*75+V49*120+W49*60+X49*165+Y49*60+Z49*120+AA49*60 -> 495 | T49: =COUNTIFS($C$4:$D$23,Q49) -> 1 | U49: =COUNTIFS($E$4:$F$23,Q49) -> 0 | V49: =COUNTIFS($G$4:$H$23,Q49) -> 1 | W49: =COUNTIFS($I$4:$I$23,Q49) -> 0 | X49: =COUNTIFS($J$4:$K$23,Q49) -> 1 | Y49: =COUNTIFS($L$4:$L$23,Q49) -> 1 | Z49: =COUNTIFS($M$4:$N$23,Q49) -> 0 | AA49: =COUNTIFS($O$4:$O$23,Q49) -> 0
Q50: 王帅 | R50: =COUNTIFS($C$4:$O$23,Q50) -> 4 | S50: =+T50*150+U50*75+V50*120+W50*60+X50*165+Y50*60+Z50*120+AA50*60 -> 450 | T50: =COUNTIFS($C$4:$D$23,Q50) -> 1 | U50: =COUNTIFS($E$4:$F$23,Q50) -> 0 | V50: =COUNTIFS($G$4:$H$23,Q50) -> 1 | W50: =COUNTIFS($I$4:$I$23,Q50) -> 1 | X50: =COUNTIFS($J$4:$K$23,Q50) -> 0 | Y50: =COUNTIFS($L$4:$L$23,Q50) -> 0 | Z50: =COUNTIFS($M$4:$N$23,Q50) -> 1 | AA50: =COUNTIFS($O$4:$O$23,Q50) -> 0
... Q53: 李嘉燕 | R53: =COUNTIFS($C$4:$O$23,Q53) -> 4 | S53: =+T53*150+U53*75+V53*120+W53*60+X53*165+Y53*60+Z53*120+AA53*60 -> 450 | T53: =COUNTIFS($C$4:$D$23,Q53) -> 1 | U53: =COUNTIFS($E$4:$F$23,Q53) -> 1 | V53: =COUNTIFS($G$4:$H$23,Q53) -> 0 | W53: =COUNTIFS($I$4:$I$23,Q53) -> 0 | X53: =COUNTIFS($J$4:$K$23,Q53) -> 1 | Y53: =COUNTIFS($L$4:$L$23,Q53) -> 1 | Z53: =COUNTIFS($M$4:$N$23,Q53) -> 0 | AA53: =COUNTIFS($O$4:$O$23,Q53) -> 0

Sheet 监考安排（旧）
A1: =[1]巡视!$A$1&"监考安排" -> 2025-2026学年高二第一学期期中考监考安排 | T1: 11月5日（周三） | X1: 11月6日（周四）
A2: 试室 | B2: 人数 | C2: 11月5日（周三） | J2: 11月6日（周四） | T2: 语文 | U2: 物理/历史 | V2: 数学 | W2: 政治学考 | X2: 4选2 | Y2: 自习 | Z2: 英语 | AA2: 物理学考
C3: 8:00-10:30 语文 | E3: 11:00-12:15 物理/历史 | G3: 14:30-16:30 数学 | I3: 17:00-18:00 政治学考 | J3: 8:00-10:45 4选2 | L3: 11:15-12:15 自习 | M3: 14:30-16:30 英语 | O3: 17:00-18:00 物理学考 | Q3: 姓名 | R3: 段数 | S3: 时长 | T3: 8:00-10:30 | U3: 11:00-12:15 | V3: 14:30-16:30 | W3: 17:00-18:00 | X3: 8:00-10:45 | Y3: 11:15-12:15 | Z3: 14:30-16:30 | AA3: 17:00-18:00 | AD3: 物理 | AE3: 历史 | AF3: 化学 | AG3: 生物 | AH3: 地理 | AI3: 政治 | AK3: 语文20考场 | AL3: 20*45 | AM3: =20*45 -> 900 | AN3: 50 | AO3: =AM3+AN3 -> 950
A4: 高二1班 | B4: =COUNTIFS([1]学生编排结果!$H:$H,A4) -> 42 | C4: 蒋思明 | D4: 吕雪容 | E4: 杨眉 | F4: 张馨予 | G4: 陈晓迪 | H4: 黄朝阳 | I4: 林蕴瑜 | J4: 张莉萍 | K4: 杨眉 | L4: 杨眉 | M4: 陈晓迪 | N4: 黄朝阳 | O4: 马嘉骏 | Q4: 林蕴瑜 | R4: =COUNTIFS($C$4:$O$23,Q4) -> 5 | S4: =+T4*150+U4*75+V4*120+W4*60+X4*165+Y4*60+Z4*120+AA4*60 -> 435 | T4: =COUNTIFS($C$4:$D$23,Q4) -> 0 | U4: =COUNTIFS($E$4:$F$23,Q4) -> 1 | V4: =COUNTIFS($G$4:$H$23,Q4) -> 1 | W4: =COUNTIFS($I$4:$I$23,Q4) -> 1 | X4: =COUNTIFS($J$4:$K$23,Q4) -> 0 | Y4: =COUNTIFS($L$4:$L$23,Q4) -> 1 | Z4: =COUNTIFS($M$4:$N$23,Q4) -> 1 | AA4: =COUNTIFS($O$4:$O$23,Q4) -> 0 | AC4: 高二1班 | AD4: 42 | AE4: 0 | AF4: 42 | AG4: 42 | AH4: 0 | AI4: 0 | AK4: 数学20考场 | AL4: 20*45 | AM4: =20*45 -> 900 | AN4: 50 | AO4: =AM4+AN4 -> 950
A5: 高二2班 | B5: =COUNTIFS([1]学生编排结果!$H:$H,A5) -> 42 | C5: 李镇国 | E5: 李昕雨 | G5: 王玉发 | I5: 明珊珊 | J5: 余晓娜 | L5: 李智芳 | M5: 王玉发 | O5: 陈映儿 | Q5: 明珊珊 | R5: =COUNTIFS($C$4:$O$23,Q5) -> 5 | S5: =+T5*150+U5*75+V5*120+W5*60+X5*165+Y5*60+Z5*120+AA5*60 -> 435 | T5: =COUNTIFS($C$4:$D$23,Q5) -> 0 | U5: =COUNTIFS($E$4:$F$23,Q5) -> 1 | V5: =COUNTIFS($G$4:$H$23,Q5) -> 1 | W5: =COUNTIFS($I$4:$I$23,Q5) -> 1 | X5: =COUNTIFS($J$4:$K$23,Q5) -> 0 | Y5: =COUNTIFS($L$4:$L$23,Q5) -> 1 | Z5: =COUNTIFS($M$4:$N$23,Q5) -> 1 | AA5: =COUNTIFS($O$4:$O$23,Q5) -> 0 | AC5: 高二2班 | AD5: 42 | AE5: 0 | AF5: 42 | AG5: 42 | AH5: 0 | AI5: 0 | AK5: 英语20考场 | AL5: 20*45 | AM5: =20*45 -> 900 | AN5: 50 | AO5: =AM5+AN5 -> 950
A6: 高二3班 | B6: =COUNTIFS([1]学生编排结果!$H:$H,A6) -> 42 | C6: 马嘉骏 | D6: 张光礼 | E6: 王昕 | F6: 李嘉燕 | G6: 刘小洪 | H6: 蒋红 | I6: 蒋思明 | J6: 王倩 | K6: 谢晨阳 | L6: 张莉萍 | M6: 刘小洪 | N6: 蒋红 | O6: 王菲飞 | Q6: 蒋思明 | R6: =COUNTIFS($C$4:$O$23,Q6) -> 5 | S6: =+T6*150+U6*75+V6*120+W6*60+X6*165+Y6*60+Z6*120+AA6*60 -> 465 | T6: =COUNTIFS($C$4:$D$23,Q6) -> 1 | U6: =COUNTIFS($E$4:$F$23,Q6) -> 1 | V6: =COUNTIFS($G$4:$H$23,Q6) -> 1 | W6: =COUNTIFS($I$4:$I$23,Q6) -> 1 | X6: =COUNTIFS($J$4:$K$23,Q6) -> 0 | Y6: =COUNTIFS($L$4:$L$23,Q6) -> 1 | Z6: =COUNTIFS($M$4:$N$23,Q6) -> 0 | AA6: =COUNTIFS($O$4:$O$23,Q6) -> 0 | AC6: 高二3班 | AD6: 42 | AE6: 0 | AF6: 42 | AG6: 42 | AH6: 0 | AI6: 0 | AK6: 物理15考场 | AL6: 15*45 | AM6: =15*45 -> 675 | AN6: 50 | AO6: =AM6+AN6 -> 725
A7: 高二4班 | B7: =COUNTIFS([1]学生编排结果!$H:$H,A7) -> 42 | C7: 余晓娜 | E7: 王海劲 | G7: 钟日明 | I7: 吕雪容 | J7: 范南莺 | L7: 张馨予 | M7: 钟日明 | O7: 梁洁楹 | Q7: 吕雪容 | R7: =COUNTIFS($C$4:$O$23,Q7) -> 5 | S7: =+T7*150+U7*75+V7*120+W7*60+X7*165+Y7*60+Z7*120+AA7*60 -> 465 | T7: =COUNTIFS($C$4:$D$23,Q7) -> 1 | U7: =COUNTIFS($E$4:$F$23,Q7) -> 1 | V7: =COUNTIFS($G$4:$H$23,Q7) -> 1 | W7: =COUNTIFS($I$4:$I$23,Q7) -> 1 | X7: =COUNTIFS($J$4:$K$23,Q7) -> 0 | Y7: =COUNTIFS($L$4:$L$23,Q7) -> 1 | Z7: =COUNTIFS($M$4:$N$23,Q7) -> 0 | AA7: =COUNTIFS($O$4:$O$23,Q7) -> 0 | AC7: 高二4班 | AD7: 42 | AE7: 0 | AF7: 42 | AG7: 42 | AH7: 0 | AI7: 0 | AK7: 历史5考场 | AL7: 5*45 | AM7: =5*45 -> 225 | AN7: 25 | AO7: =AM7+AN7 -> 250
A8: 高二5班 | B8: =COUNTIFS([1]学生编排结果!$H:$H,A8) -> 42 | C8: 王倩 | D8: 谢晨阳 | E8: 李镇国 | F8: 马嘉骏 | G8: 钟三明 | H8: 张玉静 | I8: 彭海影 | J8: 张馨予 | K8: 李昕雨 | L8: 李昕雨 | M8: 张玉静 | N8: 孙静 | O8: 陈美苑 | Q8: 彭海影 | R8: =COUNTIFS($C$4:$O$23,Q8) -> 5 | S8: =+T8*150+U8*75+V8*120+W8*60+X8*165+Y8*60+Z8*120+AA8*60 -> 435 | T8: =COUNTIFS($C$4:$D$23,Q8) -> 0 | U8: =COUNTIFS($E$4:$F$23,Q8) -> 1 | V8: =COUNTIFS($G$4:$H$23,Q8) -> 1 | W8: =COUNTIFS($I$4:$I$23,Q8) -> 1 | X8: =COUNTIFS($J$4:$K$23,Q8) -> 0 | Y8: =COUNTIFS($L$4:$L$23,Q8) -> 1 | Z8: =COUNTIFS($M$4:$N$23,Q8) -> 1 | AA8: =COUNTIFS($O$4:$O$23,Q8) -> 0 | AC8: 高二5班 | AD8: 42 | AE8: 0 | AF8: 42 | AG8: 42 | AH8: 0 | AI8: 0 | AK8: 化学16考场 | AL8: 16*45 | AM8: =16*45 -> 720 | AN8: 0 | AO8: =AM8+AN8 -> 720
A9: 高二6班 | B9: =COUNTIFS([1]学生编排结果!$H:$H,A9) -> 42 | C9: 范南莺 | E9: 林蕴瑜 | G9: 孙静 | I9: 张光礼 | J9: 李嘉燕 | L9: 李嘉燕 | M9: 张芷欣 | O9: 蒋虹 | Q9: 张光礼 | R9: =COUNTIFS($C$4:$O$23,Q9) -> 5 | S9: =+T9*150+U9*75+V9*120+W9*60+X9*165+Y9*60+Z9*120+AA9*60 -> 465 | T9: =COUNTIFS($C$4:$D$23,Q9) -> 1 | U9: =COUNTIFS($E$4:$F$23,Q9) -> 1 | V9: =COUNTIFS($G$4:$H$23,Q9) -> 0 | W9: =COUNTIFS($I$4:$I$23,Q9) -> 1 | X9: =COUNTIFS($J$4:$K$23,Q9) -> 0 | Y9: =COUNTIFS($L$4:$L$23,Q9) -> 1 | Z9: =COUNTIFS($M$4:$N$23,Q9) -> 1 | AA9: =COUNTIFS($O$4:$O$23,Q9) -> 0 | AC9: 高二6班 | AD9: 42 | AE9: 0 | AF9: 42 | AG9: 42 | AH9: 0 | AI9: 0 | AK9: 生物12考场 | AL9: 12*45 | AM9: =12*45 -> 540 | AN9: 0 | AO9: =AM9+AN9 -> 540
A10: 高二7班 | B10: =COUNTIFS([1]学生编排结果!$H:$H,A10) -> 42 | C10: 张妮 | D10: 张莉萍 | E10: 明珊珊 | F10: 贺育林 | G10: 贺育林 | H10: 黄楚琪 | I10: 赵香甜 | J10: 陈映儿 | K10: 王菲飞 | L10: 林蕴瑜 | M10: 侯文娟 | N10: 刘艳 | O10: 余晓娜 | Q10: 赵香甜 | R10: =COUNTIFS($C$4:$O$23,Q10) -> 5 | S10: =+T10*150+U10*75+V10*120+W10*60+X10*165+Y10*60+Z10*120+AA10*60 -> 465 | T10: =COUNTIFS($C$4:$D$23,Q10) -> 1 | U10: =COUNTIFS($E$4:$F$23,Q10) -> 1 | V10: =COUNTIFS($G$4:$H$23,Q10) -> 0 | W10: =COUNTIFS($I$4:$I$23,Q10) -> 1 | X10: =COUNTIFS($J$4:$K$23,Q10) -> 0 | Y10: =COUNTIFS($L$4:$L$23,Q10) -> 1 | Z10: =COUNTIFS($M$4:$N$23,Q10) -> 1 | AA10: =COUNTIFS($O$4:$O$23,Q10) -> 0 | AC10: 高二7班 | AD10: 42 | AE10: 0 | AF10: 42 | AG10: 42 | AH10: 0 | AI10: 0 | AK10: 地理8考场 | AL10: 8*45 | AM10: =8*45 -> 360 | AN10: 0 | AO10: =AM10+AN10 -> 360
A11: 高二8班 | B11: =COUNTIFS([1]学生编排结果!$H:$H,A11) -> 42 | C11: 赵香甜 | E11: 黄楚琪 | G11: 许业琳 | I11: 段蕴瑶 | J11: 张妮 | L11: 明珊珊 | M11: 李智芳 | O11: 王倩 | Q11: 段蕴瑶 | R11: =COUNTIFS($C$4:$O$23,Q11) -> 5 | S11: =+T11*150+U11*75+V11*120+W11*60+X11*165+Y11*60+Z11*120+AA11*60 -> 465 | T11: =COUNTIFS($C$4:$D$23,Q11) -> 1 | U11: =COUNTIFS($E$4:$F$23,Q11) -> 1 | V11: =COUNTIFS($G$4:$H$23,Q11) -> 0 | W11: =COUNTIFS($I$4:$I$23,Q11) -> 1 | X11: =COUNTIFS($J$4:$K$23,Q11) -> 0 | Y11: =COUNTIFS($L$4:$L$23,Q11) -> 1 | Z11: =COUNTIFS($M$4:$N$23,Q11) -> 1 | AA11: =COUNTIFS($O$4:$O$23,Q11) -> 0 | AC11: 高二8班 | AD11: 42 | AE11: 0 | AF11: 42 | AG11: 42 | AH11: 0 | AI11: 0 | AK11: 政治7考场 | AL11: 7*45 | AM11: =7*45 -> 315 | AO11: =AM11+AN11 -> 315
A12: 高二9班 | B12: =COUNTIFS([1]学生编排结果!$H:$H,A12) -> 42 | C12: 段蕴瑶 | D12: 杨眉 | E12: 许业琳 | F12: 余晓娜 | G12: 陈坚 | H12: 郑婉慧 | I12: 钟三明 | J12: 梁洁楹 | K12: 陈美苑 | L12: 蒋思明 | M12: 王菲飞 | N12: 王帅 | O12: 谢晨阳 | Q12: 钟三明 | R12: =COUNTIFS($C$4:$O$23,Q12) -> 4 | S12: =+T12*150+U12*75+V12*120+W12*60+X12*165+Y12*60+Z12*120+AA12*60 -> 465 | T12: =COUNTIFS($C$4:$D$23,Q12) -> 0 | U12: =COUNTIFS($E$4:$F$23,Q12) -> 0 | V12: =COUNTIFS($G$4:$H$23,Q12) -> 1 | W12: =COUNTIFS($I$4:$I$23,Q12) -> 1 | X12: =COUNTIFS($J$4:$K$23,Q12) -> 1 | Y12: =COUNTIFS($L$4:$L$23,Q12) -> 0 | Z12: =COUNTIFS($M$4:$N$23,Q12) -> 1 | AA12: =COUNTIFS($O$4:$O$23,Q12) -> 0 | AC12: 高二9班 | AD12: 42 | AE12: 0 | AF12: 42 | AG12: 42 | AH12: 0 | AI12: 0
A13: 高二10班 | B13: =COUNTIFS([1]学生编排结果!$H:$H,A13) -> 42 | C13: 曹芳 | E13: 王倩 | G13: 周罗洁 | I13: 曹芳 | J13: 蒋虹 | L13: 吕雪容 | M13: 明珊珊 | O13: 范南莺 | Q13: 曹芳 | R13: =COUNTIFS($C$4:$O$23,Q13) -> 5 | S13: =+T13*150+U13*75+V13*120+W13*60+X13*165+Y13*60+Z13*120+AA13*60 -> 465 | T13: =COUNTIFS($C$4:$D$23,Q13) -> 1 | U13: =COUNTIFS($E$4:$F$23,Q13) -> 1 | V13: =COUNTIFS($G$4:$H$23,Q13) -> 0 | W13: =COUNTIFS($I$4:$I$23,Q13) -> 1 | X13: =COUNTIFS($J$4:$K$23,Q13) -> 0 | Y13: =COUNTIFS($L$4:$L$23,Q13) -> 1 | Z13: =COUNTIFS($M$4:$N$23,Q13) -> 1 | AA13: =COUNTIFS($O$4:$O$23,Q13) -> 0 | AC13: 高二10班 | AD13: 42 | AE13: 0 | AF13: 42 | AG13: 42 | AH13: 0 | AI13: 0 | AK13: 物理学考20考场 | AL13: 20*45 | AM13: =20*45 -> 900 | AN13: 50 | AO13: =AM13+AN13 -> 950
A14: 高二11班 | B14: =COUNTIFS([1]学生编排结果!$H:$H,A14) -> 42 | C14: 刘良桂 | D14: 贺育林 | E14: 谢晨阳 | F14: 范南莺 | G14: 林蕴瑜 | H14: 明珊珊 | I14: 刘良桂 | J14: 陈晓迪 | K14: 黄朝阳 | L14: 彭海影 | M14: 陈映儿 | N14: 林蕴瑜 | O14: 孙静 | Q14: 刘良桂 | R14: =COUNTIFS($C$4:$O$23,Q14) -> 5 | S14: =+T14*150+U14*75+V14*120+W14*60+X14*165+Y14*60+Z14*120+AA14*60 -> 465 | T14: =COUNTIFS($C$4:$D$23,Q14) -> 1 | U14: =COUNTIFS($E$4:$F$23,Q14) -> 1 | V14: =COUNTIFS($G$4:$H$23,Q14) -> 0 | W14: =COUNTIFS($I$4:$I$23,Q14) -> 1 | X14: =COUNTIFS($J$4:$K$23,Q14) -> 0 | Y14: =COUNTIFS($L$4:$L$23,Q14) -> 1 | Z14: =COUNTIFS($M$4:$N$23,Q14) -> 1 | AA14: =COUNTIFS($O$4:$O$23,Q14) -> 0 | AC14: 高二11班 | AD14: 42 | AE14: 0 | AF14: 42 | AG14: 42 | AH14: 0 | AI14: 0 | AK14: 政治学考20考场 | AL14: 20*45 | AM14: =20*45 -> 900 | AN14: 50 | AO14: =AM14+AN14 -> 950
A15: 高二12班 | B15: =COUNTIFS([1]学生编排结果!$H:$H,A15) -> 42 | C15: 黄楚琪 | E15: 张妮 | G15: 吕雪容 | I15: 贺育林 | J15: 钟三明 | L15: 张光礼 | M15: 彭海影 | O15: 张妮 | Q15: 贺育林 | R15: =COUNTIFS($C$4:$O$23,Q15) -> 5 | S15: =+T15*150+U15*75+V15*120+W15*60+X15*165+Y15*60+Z15*120+AA15*60 -> 465 | T15: =COUNTIFS($C$4:$D$23,Q15) -> 1 | U15: =COUNTIFS($E$4:$F$23,Q15) -> 1 | V15: =COUNTIFS($G$4:$H$23,Q15) -> 1 | W15: =COUNTIFS($I$4:$I$23,Q15) -> 1 | X15: =COUNTIFS($J$4:$K$23,Q15) -> 0 | Y15: =COUNTIFS($L$4:$L$23,Q15) -> 1 | Z15: =COUNTIFS($M$4:$N$23,Q15) -> 0 | AA15: =COUNTIFS($O$4:$O$23,Q15) -> 0 | AC15: 高二12班 | AD15: 42 | AE15: 0 | AF15: 42 | AG15: 0 | AH15: 42 | AI15: 0
A16: 高二13班 | B16: =COUNTIFS([1]学生编排结果!$H:$H,A16) -> 42 | C16: 许业琳 | D16: 孙静 | E16: 张莉萍 | F16: 蒋思明 | G16: 彭海影 | H16: 陈映儿 | I16: 黄楚琪 | J16: 王玉发 | K16: 刘小洪 | L16: 赵香甜 | M16: 张光礼 | N16: 赵香甜 | O16: 王帅 | Q16: 黄楚琪 | R16: =COUNTIFS($C$4:$O$23,Q16) -> 5 | S16: =+T16*150+U16*75+V16*120+W16*60+X16*165+Y16*60+Z16*120+AA16*60 -> 465 | T16: =COUNTIFS($C$4:$D$23,Q16) -> 1 | U16: =COUNTIFS($E$4:$F$23,Q16) -> 1 | V16: =COUNTIFS($G$4:$H$23,Q16) -> 1 | W16: =COUNTIFS($I$4:$I$23,Q16) -> 1 | X16: =COUNTIFS($J$4:$K$23,Q16) -> 0 | Y16: =COUNTIFS($L$4:$L$23,Q16) -> 1 | Z16: =COUNTIFS($M$4:$N$23,Q16) -> 0 | AA16: =COUNTIFS($O$4:$O$23,Q16) -> 0 | AC16: 高二13班 | AD16: 42 | AE16: 0 | AF16: 42 | AG16: 0 | AH16: 42 | AI16: 0
A17: 高二14班 | B17: =COUNTIFS([1]学生编排结果!$H:$H,A17) -> 42 | C17: 张芷欣 | E17: 吕雪容 | G17: 王菲飞 | I17: 许业琳 | J17: 蒋红 | L17: 段蕴瑶 | M17: 段蕴瑶 | O17: 陈晓迪 | Q17: 许业琳 | R17: =COUNTIFS($C$4:$O$23,Q17) -> 5 | S17: =+T17*150+U17*75+V17*120+W17*60+X17*165+Y17*60+Z17*120+AA17*60 -> 465 | T17: =COUNTIFS($C$4:$D$23,Q17) -> 1 | U17: =COUNTIFS($E$4:$F$23,Q17) -> 1 | V17: =COUNTIFS($G$4:$H$23,Q17) -> 1 | W17: =COUNTIFS($I$4:$I$23,Q17) -> 1 | X17: =COUNTIFS($J$4:$K$23,Q17) -> 0 | Y17: =COUNTIFS($L$4:$L$23,Q17) -> 1 | Z17: =COUNTIFS($M$4:$N$23,Q17) -> 0 | AA17: =COUNTIFS($O$4:$O$23,Q17) -> 0 | AC17: 高二14班 | AD17: 42 | AE17: 0 | AF17: 42 | AG17: 0 | AH17: 0 | AI17: 42
A18: 高二15班 | B18: =COUNTIFS([1]学生编排结果!$H:$H,A18) -> 42 | C18: 侯文娟 | D18: 刘艳 | E18: 彭海影 | F18: 张光礼 | G18: 梁洁楹 | H18: 陈美苑 | I18: 陈坚 | J18: 钟日明 | K18: 张玉静 | L18: 张妮 | M18: 钟三明 | N18: 曹芳 | O18: 黄朝阳 | Q18: 陈坚 | R18: =COUNTIFS($C$4:$O$23,Q18) -> 4 | S18: =+T18*150+U18*75+V18*120+W18*60+X18*165+Y18*60+Z18*120+AA18*60 -> 465 | T18: =COUNTIFS($C$4:$D$23,Q18) -> 0 | U18: =COUNTIFS($E$4:$F$23,Q18) -> 0 | V18: =COUNTIFS($G$4:$H$23,Q18) -> 1 | W18: =COUNTIFS($I$4:$I$23,Q18) -> 1 | X18: =COUNTIFS($J$4:$K$23,Q18) -> 1 | Y18: =COUNTIFS($L$4:$L$23,Q18) -> 0 | Z18: =COUNTIFS($M$4:$N$23,Q18) -> 1 | AA18: =COUNTIFS($O$4:$O$23,Q18) -> 0 | AC18: 高二15班 | AD18: 0 | AE18: 42 | AF18: 0 | AG18: 0 | AH18: 42 | AI18: 42
A19: 高二16班 | B19: =COUNTIFS([1]学生编排结果!$H:$H,A19) -> 42 | C19: 李智芳 | E19: 赵香甜 | G19: 蒋虹 | I19: 郑婉慧 | J19: 陈坚 | L19: 曹芳 | M19: 刘良桂 | O19: 王玉发 | Q19: 郑婉慧 | R19: =COUNTIFS($C$4:$O$23,Q19) -> 4 | S19: =+T19*150+U19*75+V19*120+W19*60+X19*165+Y19*60+Z19*120+AA19*60 -> 465 | T19: =COUNTIFS($C$4:$D$23,Q19) -> 0 | U19: =COUNTIFS($E$4:$F$23,Q19) -> 0 | V19: =COUNTIFS($G$4:$H$23,Q19) -> 1 | W19: =COUNTIFS($I$4:$I$23,Q19) -> 1 | X19: =COUNTIFS($J$4:$K$23,Q19) -> 1 | Y19: =COUNTIFS($L$4:$L$23,Q19) -> 0 | Z19: =COUNTIFS($M$4:$N$23,Q19) -> 1 | AA19: =COUNTIFS($O$4:$O$23,Q19) -> 0 | AC19: 高二16班 | AD19: 0 | AE19: 42 | AF19: 0 | AG19: 0 | AH19: 42 | AI19: 42
A20: 公共课室3 | B20: =COUNTIFS([1]学生编排结果!$H:$H,A20) -> 42 | C20: 王帅 | D20: 张馨予 | E20: 段蕴瑶 | F20: 曹芳 | G20: 张芷欣 | H20: 侯文娟 | I20: 周罗洁 | J20: 郑婉慧 | K20: 周罗洁 | L20: 刘良桂 | M20: 梁洁楹 | N20: 陈美苑 | O20: 刘小洪 | Q20: 周罗洁 | R20: =COUNTIFS($C$4:$O$23,Q20) -> 4 | S20: =+T20*150+U20*75+V20*120+W20*60+X20*165+Y20*60+Z20*120+AA20*60 -> 465 | T20: =COUNTIFS($C$4:$D$23,Q20) -> 0 | U20: =COUNTIFS($E$4:$F$23,Q20) -> 0 | V20: =COUNTIFS($G$4:$H$23,Q20) -> 1 | W20: =COUNTIFS($I$4:$I$23,Q20) -> 1 | X20: =COUNTIFS($J$4:$K$23,Q20) -> 1 | Y20: =COUNTIFS($L$4:$L$23,Q20) -> 0 | Z20: =COUNTIFS($M$4:$N$23,Q20) -> 1 | AA20: =COUNTIFS($O$4:$O$23,Q20) -> 0 | AC20: 公共课室3 | AD20: 0 | AE20: 42 | AF20: 0 | AG20: 0 | AH20: 42 | AI20: 42
A21: 公共课室4 | B21: =COUNTIFS([1]学生编排结果!$H:$H,A21) -> 42 | C21: 李昕雨 | E21: 刘良桂 | G21: 刘艳 | I21: 王昕 | J21: 王昕 | L21: 贺育林 | M21: 蒋虹 | O21: 蒋红 | Q21: 王昕 | R21: =COUNTIFS($C$4:$O$23,Q21) -> 4 | S21: =+T21*150+U21*75+V21*120+W21*60+X21*165+Y21*60+Z21*120+AA21*60 -> 450 | T21: =COUNTIFS($C$4:$D$23,Q21) -> 1 | U21: =COUNTIFS($E$4:$F$23,Q21) -> 1 | V21: =COUNTIFS($G$4:$H$23,Q21) -> 0 | W21: =COUNTIFS($I$4:$I$23,Q21) -> 1 | X21: =COUNTIFS($J$4:$K$23,Q21) -> 1 | Y21: =COUNTIFS($L$4:$L$23,Q21) -> 0 | Z21: =COUNTIFS($M$4:$N$23,Q21) -> 0 | AA21: =COUNTIFS($O$4:$O$23,Q21) -> 0 | AC21: 公共课室4 | AD21: 0 | AE21: 42 | AF21: 0 | AG21: 0 | AH21: 42 | AI21: 42
A22: 公共课室5 | B22: =COUNTIFS([1]学生编排结果!$H:$H,A22) -> 36 | C22: 王昕 | D22: 李嘉燕 | E22: 张芷欣 | F22: 侯文娟 | G22: 李智芳 | H22: 蒋思明 | I22: 王海劲 | J22: 王海劲 | K22: 李镇国 | L22: 黄楚琪 | M22: 陈坚 | N22: 郑婉慧 | O22: 钟日明 | Q22: 王海劲 | R22: =COUNTIFS($C$4:$O$23,Q22) -> 4 | S22: =+T22*150+U22*75+V22*120+W22*60+X22*165+Y22*60+Z22*120+AA22*60 -> 450 | T22: =COUNTIFS($C$4:$D$23,Q22) -> 1 | U22: =COUNTIFS($E$4:$F$23,Q22) -> 1 | V22: =COUNTIFS($G$4:$H$23,Q22) -> 0 | W22: =COUNTIFS($I$4:$I$23,Q22) -> 1 | X22: =COUNTIFS($J$4:$K$23,Q22) -> 1 | Y22: =COUNTIFS($L$4:$L$23,Q22) -> 0 | Z22: =COUNTIFS($M$4:$N$23,Q22) -> 0 | AA22: =COUNTIFS($O$4:$O$23,Q22) -> 0 | AC22: 公共课室5 | AD22: 36 (1-36) | AE22: 0 | AF22: 33 (1-33) | AG22: 8 (29-36) | AH22: 19 (1-17、34-35) | AI22: 12 (18-28、36)
A23: 公共课室6 | B23: =COUNTIFS([1]学生编排结果!$H:$H,A23) -> 25 | C23: 王海劲 | E23: 刘艳 | G23: 王帅 | I23: 李镇国 | J23: 马嘉骏 | L23: 许业琳 | M23: 周罗洁 | O23: 张玉静 | Q23: 李镇国 | R23: =COUNTIFS($C$4:$O$23,Q23) -> 4 | S23: =+T23*150+U23*75+V23*120+W23*60+X23*165+Y23*60+Z23*120+AA23*60 -> 450 | T23: =COUNTIFS($C$4:$D$23,Q23) -> 1 | U23: =COUNTIFS($E$4:$F$23,Q23) -> 1 | V23: =COUNTIFS($G$4:$H$23,Q23) -> 0 | W23: =COUNTIFS($I$4:$I$23,Q23) -> 1 | X23: =COUNTIFS($J$4:$K$23,Q23) -> 1 | Y23: =COUNTIFS($L$4:$L$23,Q23) -> 0 | Z23: =COUNTIFS($M$4:$N$23,Q23) -> 0 | AA23: =COUNTIFS($O$4:$O$23,Q23) -> 0 | AC23: 公共课室6 | AD23: 0 | AE23: 25 (1-25) | AF23: 1 (25) | AG23: 9 (16-24) | AH23: 18 (1-15、22-24) | AI23: 22 (1-21、25)
A24: 考务室：三楼报告厅1 提前30分钟到考务室签到 | Q24: 马嘉骏 | R24: =COUNTIFS($C$4:$O$23,Q24) -> 4 | S24: =+T24*150+U24*75+V24*120+W24*60+X24*165+Y24*60+Z24*120+AA24*60 -> 450 | T24: =COUNTIFS($C$4:$D$23,Q24) -> 1 | U24: =COUNTIFS($E$4:$F$23,Q24) -> 1 | V24: =COUNTIFS($G$4:$H$23,Q24) -> 0 | W24: =COUNTIFS($I$4:$I$23,Q24) -> 0 | X24: =COUNTIFS($J$4:$K$23,Q24) -> 1 | Y24: =COUNTIFS($L$4:$L$23,Q24) -> 0 | Z24: =COUNTIFS($M$4:$N$23,Q24) -> 0 | AA24: =COUNTIFS($O$4:$O$23,Q24) -> 1 | AC24: 总计 | AD24: 624 | AE24: 193 | AF24: 622 | AG24: 479 | AH24: 289 | AI24: 244
Q25: 陈映儿 | R25: =COUNTIFS($C$4:$O$23,Q25) -> 4 | S25: =+T25*150+U25*75+V25*120+W25*60+X25*165+Y25*60+Z25*120+AA25*60 -> 465 | T25: =COUNTIFS($C$4:$D$23,Q25) -> 0 | U25: =COUNTIFS($E$4:$F$23,Q25) -> 0 | V25: =COUNTIFS($G$4:$H$23,Q25) -> 1 | W25: =COUNTIFS($I$4:$I$23,Q25) -> 0 | X25: =COUNTIFS($J$4:$K$23,Q25) -> 1 | Y25: =COUNTIFS($L$4:$L$23,Q25) -> 0 | Z25: =COUNTIFS($M$4:$N$23,Q25) -> 1 | AA25: =COUNTIFS($O$4:$O$23,Q25) -> 1
Q26: 王菲飞 | R26: =COUNTIFS($C$4:$O$23,Q26) -> 4 | S26: =+T26*150+U26*75+V26*120+W26*60+X26*165+Y26*60+Z26*120+AA26*60 -> 465 | T26: =COUNTIFS($C$4:$D$23,Q26) -> 0 | U26: =COUNTIFS($E$4:$F$23,Q26) -> 0 | V26: =COUNTIFS($G$4:$H$23,Q26) -> 1 | W26: =COUNTIFS($I$4:$I$23,Q26) -> 0 | X26: =COUNTIFS($J$4:$K$23,Q26) -> 1 | Y26: =COUNTIFS($L$4:$L$23,Q26) -> 0 | Z26: =COUNTIFS($M$4:$N$23,Q26) -> 1 | AA26: =COUNTIFS($O$4:$O$23,Q26) -> 1
Q27: 梁洁楹 | R27: =COUNTIFS($C$4:$O$23,Q27) -> 4 | S27: =+T27*150+U27*75+V27*120+W27*60+X27*165+Y27*60+Z27*120+AA27*60 -> 465 | T27: =COUNTIFS($C$4:$D$23,Q27) -> 0 | U27: =COUNTIFS($E$4:$F$23,Q27) -> 0 | V27: =COUNTIFS($G$4:$H$23,Q27) -> 1 | W27: =COUNTIFS($I$4:$I$23,Q27) -> 0 | X27: =COUNTIFS($J$4:$K$23,Q27) -> 1 | Y27: =COUNTIFS($L$4:$L$23,Q27) -> 0 | Z27: =COUNTIFS($M$4:$N$23,Q27) -> 1 | AA27: =COUNTIFS($O$4:$O$23,Q27) -> 1
Q28: 陈美苑 | R28: =COUNTIFS($C$4:$O$23,Q28) -> 4 | S28: =+T28*150+U28*75+V28*120+W28*60+X28*165+Y28*60+Z28*120+AA28*60 -> 465 | T28: =COUNTIFS($C$4:$D$23,Q28) -> 0 | U28: =COUNTIFS($E$4:$F$23,Q28) -> 0 | V28: =COUNTIFS($G$4:$H$23,Q28) -> 1 | W28: =COUNTIFS($I$4:$I$23,Q28) -> 0 | X28: =COUNTIFS($J$4:$K$23,Q28) -> 1 | Y28: =COUNTIFS($L$4:$L$23,Q28) -> 0 | Z28: =COUNTIFS($M$4:$N$23,Q28) -> 1 | AA28: =COUNTIFS($O$4:$O$23,Q28) -> 1 | AD28: 4选2考试顺序
Q29: 蒋虹 | R29: =COUNTIFS($C$4:$O$23,Q29) -> 4 | S29: =+T29*150+U29*75+V29*120+W29*60+X29*165+Y29*60+Z29*120+AA29*60 -> 465 | T29: =COUNTIFS($C$4:$D$23,Q29) -> 0 | U29: =COUNTIFS($E$4:$F$23,Q29) -> 0 | V29: =COUNTIFS($G$4:$H$23,Q29) -> 1 | W29: =COUNTIFS($I$4:$I$23,Q29) -> 0 | X29: =COUNTIFS($J$4:$K$23,Q29) -> 1 | Y29: =COUNTIFS($L$4:$L$23,Q29) -> 0 | Z29: =COUNTIFS($M$4:$N$23,Q29) -> 1 | AA29: =COUNTIFS($O$4:$O$23,Q29) -> 1
Q30: 余晓娜 | R30: =COUNTIFS($C$4:$O$23,Q30) -> 4 | S30: =+T30*150+U30*75+V30*120+W30*60+X30*165+Y30*60+Z30*120+AA30*60 -> 450 | T30: =COUNTIFS($C$4:$D$23,Q30) -> 1 | U30: =COUNTIFS($E$4:$F$23,Q30) -> 1 | V30: =COUNTIFS($G$4:$H$23,Q30) -> 0 | W30: =COUNTIFS($I$4:$I$23,Q30) -> 0 | X30: =COUNTIFS($J$4:$K$23,Q30) -> 1 | Y30: =COUNTIFS($L$4:$L$23,Q30) -> 0 | Z30: =COUNTIFS($M$4:$N$23,Q30) -> 0 | AA30: =COUNTIFS($O$4:$O$23,Q30) -> 1 | AF30: 第一段 | AH30: 第二段
Q31: 王倩 | R31: =COUNTIFS($C$4:$O$23,Q31) -> 4 | S31: =+T31*150+U31*75+V31*120+W31*60+X31*165+Y31*60+Z31*120+AA31*60 -> 450 | T31: =COUNTIFS($C$4:$D$23,Q31) -> 1 | U31: =COUNTIFS($E$4:$F$23,Q31) -> 1 | V31: =COUNTIFS($G$4:$H$23,Q31) -> 0 | W31: =COUNTIFS($I$4:$I$23,Q31) -> 0 | X31: =COUNTIFS($J$4:$K$23,Q31) -> 1 | Y31: =COUNTIFS($L$4:$L$23,Q31) -> 0 | Z31: =COUNTIFS($M$4:$N$23,Q31) -> 0 | AA31: =COUNTIFS($O$4:$O$23,Q31) -> 1 | AD31: 1-11班 | AF31: 化学 | AH31: 生物
Q32: 谢晨阳 | R32: =COUNTIFS($C$4:$O$23,Q32) -> 4 | S32: =+T32*150+U32*75+V32*120+W32*60+X32*165+Y32*60+Z32*120+AA32*60 -> 450 | T32: =COUNTIFS($C$4:$D$23,Q32) -> 1 | U32: =COUNTIFS($E$4:$F$23,Q32) -> 1 | V32: =COUNTIFS($G$4:$H$23,Q32) -> 0 | W32: =COUNTIFS($I$4:$I$23,Q32) -> 0 | X32: =COUNTIFS($J$4:$K$23,Q32) -> 1 | Y32: =COUNTIFS($L$4:$L$23,Q32) -> 0 | Z32: =COUNTIFS($M$4:$N$23,Q32) -> 0 | AA32: =COUNTIFS($O$4:$O$23,Q32) -> 1 | AD32: 12-13班 | AF32: 化学 | AH32: 地理
Q33: 范南莺 | R33: =COUNTIFS($C$4:$O$23,Q33) -> 4 | S33: =+T33*150+U33*75+V33*120+W33*60+X33*165+Y33*60+Z33*120+AA33*60 -> 450 | T33: =COUNTIFS($C$4:$D$23,Q33) -> 1 | U33: =COUNTIFS($E$4:$F$23,Q33) -> 1 | V33: =COUNTIFS($G$4:$H$23,Q33) -> 0 | W33: =COUNTIFS($I$4:$I$23,Q33) -> 0 | X33: =COUNTIFS($J$4:$K$23,Q33) -> 1 | Y33: =COUNTIFS($L$4:$L$23,Q33) -> 0 | Z33: =COUNTIFS($M$4:$N$23,Q33) -> 0 | AA33: =COUNTIFS($O$4:$O$23,Q33) -> 1 | AD33: 14班 | AF33: 化学 | AH33: 政治
Q34: 罗雯雯 | R34: 请假 | S34: =+T34*150+U34*75+V34*120+W34*60+X34*165+Y34*60+Z34*120+AA34*60 -> 0 | T34: =COUNTIFS($C$4:$D$23,Q34) -> 0 | U34: =COUNTIFS($E$4:$F$23,Q34) -> 0 | V34: =COUNTIFS($G$4:$H$23,Q34) -> 0 | W34: =COUNTIFS($I$4:$I$23,Q34) -> 0 | X34: =COUNTIFS($J$4:$K$23,Q34) -> 0 | Y34: =COUNTIFS($L$4:$L$23,Q34) -> 0 | Z34: =COUNTIFS($M$4:$N$23,Q34) -> 0 | AA34: =COUNTIFS($O$4:$O$23,Q34) -> 0 | AD34: 15-公共4 | AF34: 地理 | AH34: 政治
Q35: 张妮 | R35: =COUNTIFS($C$4:$O$23,Q35) -> 5 | S35: =+T35*150+U35*75+V35*120+W35*60+X35*165+Y35*60+Z35*120+AA35*60 -> 510 | T35: =COUNTIFS($C$4:$D$23,Q35) -> 1 | U35: =COUNTIFS($E$4:$F$23,Q35) -> 1 | V35: =COUNTIFS($G$4:$H$23,Q35) -> 0 | W35: =COUNTIFS($I$4:$I$23,Q35) -> 0 | X35: =COUNTIFS($J$4:$K$23,Q35) -> 1 | Y35: =COUNTIFS($L$4:$L$23,Q35) -> 1 | Z35: =COUNTIFS($M$4:$N$23,Q35) -> 0 | AA35: =COUNTIFS($O$4:$O$23,Q35) -> 1 | AD35: 公5 | AF35: 化学（1-33） 生物（34-36） | AH35: 地理（1-17、34-35） 政治（18-28、36） 生物（29-33）
Q36: 张莉萍 | R36: =COUNTIFS($C$4:$O$23,Q36) -> 4 | S36: =+T36*150+U36*75+V36*120+W36*60+X36*165+Y36*60+Z36*120+AA36*60 -> 450 | T36: =COUNTIFS($C$4:$D$23,Q36) -> 1 | U36: =COUNTIFS($E$4:$F$23,Q36) -> 1 | V36: =COUNTIFS($G$4:$H$23,Q36) -> 0 | W36: =COUNTIFS($I$4:$I$23,Q36) -> 0 | X36: =COUNTIFS($J$4:$K$23,Q36) -> 1 | Y36: =COUNTIFS($L$4:$L$23,Q36) -> 1 | Z36: =COUNTIFS($M$4:$N$23,Q36) -> 0 | AA36: =COUNTIFS($O$4:$O$23,Q36) -> 0
Q37: 陈晓迪 | R37: =COUNTIFS($C$4:$O$23,Q37) -> 4 | S37: =+T37*150+U37*75+V37*120+W37*60+X37*165+Y37*60+Z37*120+AA37*60 -> 465 | T37: =COUNTIFS($C$4:$D$23,Q37) -> 0 | U37: =COUNTIFS($E$4:$F$23,Q37) -> 0 | V37: =COUNTIFS($G$4:$H$23,Q37) -> 1 | W37: =COUNTIFS($I$4:$I$23,Q37) -> 0 | X37: =COUNTIFS($J$4:$K$23,Q37) -> 1 | Y37: =COUNTIFS($L$4:$L$23,Q37) -> 0 | Z37: =COUNTIFS($M$4:$N$23,Q37) -> 1 | AA37: =COUNTIFS($O$4:$O$23,Q37) -> 1
Q38: 黄朝阳 | R38: =COUNTIFS($C$4:$O$23,Q38) -> 4 | S38: =+T38*150+U38*75+V38*120+W38*60+X38*165+Y38*60+Z38*120+AA38*60 -> 465 | T38: =COUNTIFS($C$4:$D$23,Q38) -> 0 | U38: =COUNTIFS($E$4:$F$23,Q38) -> 0 | V38: =COUNTIFS($G$4:$H$23,Q38) -> 1 | W38: =COUNTIFS($I$4:$I$23,Q38) -> 0 | X38: =COUNTIFS($J$4:$K$23,Q38) -> 1 | Y38: =COUNTIFS($L$4:$L$23,Q38) -> 0 | Z38: =COUNTIFS($M$4:$N$23,Q38) -> 1 | AA38: =COUNTIFS($O$4:$O$23,Q38) -> 1 | AD38: 公6 | AF38: 地理（1-15） 生物（16-24） 化学（25） | AH38: 政治（1-21） 地理（22-24） 政治（25）
Q39: 杨眉 | R39: =COUNTIFS($C$4:$O$23,Q39) -> 4 | S39: =+T39*150+U39*75+V39*120+W39*60+X39*165+Y39*60+Z39*120+AA39*60 -> 450 | T39: =COUNTIFS($C$4:$D$23,Q39) -> 1 | U39: =COUNTIFS($E$4:$F$23,Q39) -> 1 | V39: =COUNTIFS($G$4:$H$23,Q39) -> 0 | W39: =COUNTIFS($I$4:$I$23,Q39) -> 0 | X39: =COUNTIFS($J$4:$K$23,Q39) -> 1 | Y39: =COUNTIFS($L$4:$L$23,Q39) -> 1 | Z39: =COUNTIFS($M$4:$N$23,Q39) -> 0 | AA39: =COUNTIFS($O$4:$O$23,Q39) -> 0
Q40: 王玉发 | R40: =COUNTIFS($C$4:$O$23,Q40) -> 4 | S40: =+T40*150+U40*75+V40*120+W40*60+X40*165+Y40*60+Z40*120+AA40*60 -> 465 | T40: =COUNTIFS($C$4:$D$23,Q40) -> 0 | U40: =COUNTIFS($E$4:$F$23,Q40) -> 0 | V40: =COUNTIFS($G$4:$H$23,Q40) -> 1 | W40: =COUNTIFS($I$4:$I$23,Q40) -> 0 | X40: =COUNTIFS($J$4:$K$23,Q40) -> 1 | Y40: =COUNTIFS($L$4:$L$23,Q40) -> 0 | Z40: =COUNTIFS($M$4:$N$23,Q40) -> 1 | AA40: =COUNTIFS($O$4:$O$23,Q40) -> 1
Q41: 刘小洪 | R41: =COUNTIFS($C$4:$O$23,Q41) -> 4 | S41: =+T41*150+U41*75+V41*120+W41*60+X41*165+Y41*60+Z41*120+AA41*60 -> 465 | T41: =COUNTIFS($C$4:$D$23,Q41) -> 0 | U41: =COUNTIFS($E$4:$F$23,Q41) -> 0 | V41: =COUNTIFS($G$4:$H$23,Q41) -> 1 | W41: =COUNTIFS($I$4:$I$23,Q41) -> 0 | X41: =COUNTIFS($J$4:$K$23,Q41) -> 1 | Y41: =COUNTIFS($L$4:$L$23,Q41) -> 0 | Z41: =COUNTIFS($M$4:$N$23,Q41) -> 1 | AA41: =COUNTIFS($O$4:$O$23,Q41) -> 1
Q42: 蒋红 | R42: =COUNTIFS($C$4:$O$23,Q42) -> 4 | S42: =+T42*150+U42*75+V42*120+W42*60+X42*165+Y42*60+Z42*120+AA42*60 -> 465 | T42: =COUNTIFS($C$4:$D$23,Q42) -> 0 | U42: =COUNTIFS($E$4:$F$23,Q42) -> 0 | V42: =COUNTIFS($G$4:$H$23,Q42) -> 1 | W42: =COUNTIFS($I$4:$I$23,Q42) -> 0 | X42: =COUNTIFS($J$4:$K$23,Q42) -> 1 | Y42: =COUNTIFS($L$4:$L$23,Q42) -> 0 | Z42: =COUNTIFS($M$4:$N$23,Q42) -> 1 | AA42: =COUNTIFS($O$4:$O$23,Q42) -> 1
Q43: 钟日明 | R43: =COUNTIFS($C$4:$O$23,Q43) -> 4 | S43: =+T43*150+U43*75+V43*120+W43*60+X43*165+Y43*60+Z43*120+AA43*60 -> 465 | T43: =COUNTIFS($C$4:$D$23,Q43) -> 0 | U43: =COUNTIFS($E$4:$F$23,Q43) -> 0 | V43: =COUNTIFS($G$4:$H$23,Q43) -> 1 | W43: =COUNTIFS($I$4:$I$23,Q43) -> 0 | X43: =COUNTIFS($J$4:$K$23,Q43) -> 1 | Y43: =COUNTIFS($L$4:$L$23,Q43) -> 0 | Z43: =COUNTIFS($M$4:$N$23,Q43) -> 1 | AA43: =COUNTIFS($O$4:$O$23,Q43) -> 1
Q44: 张玉静 | R44: =COUNTIFS($C$4:$O$23,Q44) -> 4 | S44: =+T44*150+U44*75+V44*120+W44*60+X44*165+Y44*60+Z44*120+AA44*60 -> 465 | T44: =COUNTIFS($C$4:$D$23,Q44) -> 0 | U44: =COUNTIFS($E$4:$F$23,Q44) -> 0 | V44: =COUNTIFS($G$4:$H$23,Q44) -> 1 | W44: =COUNTIFS($I$4:$I$23,Q44) -> 0 | X44: =COUNTIFS($J$4:$K$23,Q44) -> 1 | Y44: =COUNTIFS($L$4:$L$23,Q44) -> 0 | Z44: =COUNTIFS($M$4:$N$23,Q44) -> 1 | AA44: =COUNTIFS($O$4:$O$23,Q44) -> 1
Q45: 孙静 | R45: =COUNTIFS($C$4:$O$23,Q45) -> 4 | S45: =+T45*150+U45*75+V45*120+W45*60+X45*165+Y45*60+Z45*120+AA45*60 -> 450 | T45: =COUNTIFS($C$4:$D$23,Q45) -> 1 | U45: =COUNTIFS($E$4:$F$23,Q45) -> 0 | V45: =COUNTIFS($G$4:$H$23,Q45) -> 1 | W45: =COUNTIFS($I$4:$I$23,Q45) -> 0 | X45: =COUNTIFS($J$4:$K$23,Q45) -> 0 | Y45: =COUNTIFS($L$4:$L$23,Q45) -> 0 | Z45: =COUNTIFS($M$4:$N$23,Q45) -> 1 | AA45: =COUNTIFS($O$4:$O$23,Q45) -> 1
Q46: 张芷欣 | R46: =COUNTIFS($C$4:$O$23,Q46) -> 4 | S46: =+T46*150+U46*75+V46*120+W46*60+X46*165+Y46*60+Z46*120+AA46*60 -> 465 | T46: =COUNTIFS($C$4:$D$23,Q46) -> 1 | U46: =COUNTIFS($E$4:$F$23,Q46) -> 1 | V46: =COUNTIFS($G$4:$H$23,Q46) -> 1 | W46: =COUNTIFS($I$4:$I$23,Q46) -> 0 | X46: =COUNTIFS($J$4:$K$23,Q46) -> 0 | Y46: =COUNTIFS($L$4:$L$23,Q46) -> 0 | Z46: =COUNTIFS($M$4:$N$23,Q46) -> 1 | AA46: =COUNTIFS($O$4:$O$23,Q46) -> 0
Q47: 侯文娟 | R47: =COUNTIFS($C$4:$O$23,Q47) -> 4 | S47: =+T47*150+U47*75+V47*120+W47*60+X47*165+Y47*60+Z47*120+AA47*60 -> 465 | T47: =COUNTIFS($C$4:$D$23,Q47) -> 1 | U47: =COUNTIFS($E$4:$F$23,Q47) -> 1 | V47: =COUNTIFS($G$4:$H$23,Q47) -> 1 | W47: =COUNTIFS($I$4:$I$23,Q47) -> 0 | X47: =COUNTIFS($J$4:$K$23,Q47) -> 0 | Y47: =COUNTIFS($L$4:$L$23,Q47) -> 0 | Z47: =COUNTIFS($M$4:$N$23,Q47) -> 1 | AA47: =COUNTIFS($O$4:$O$23,Q47) -> 0
Q48: 刘艳 | R48: =COUNTIFS($C$4:$O$23,Q48) -> 4 | S48: =+T48*150+U48*75+V48*120+W48*60+X48*165+Y48*60+Z48*120+AA48*60 -> 465 | T48: =COUNTIFS($C$4:$D$23,Q48) -> 1 | U48: =COUNTIFS($E$4:$F$23,Q48) -> 1 | V48: =COUNTIFS($G$4:$H$23,Q48) -> 1 | W48: =COUNTIFS($I$4:$I$23,Q48) -> 0 | X48: =COUNTIFS($J$4:$K$23,Q48) -> 0 | Y48: =COUNTIFS($L$4:$L$23,Q48) -> 0 | Z48: =COUNTIFS($M$4:$N$23,Q48) -> 1 | AA48: =COUNTIFS($O$4:$O$23,Q48) -> 0
Q49: 李智芳 | R49: =COUNTIFS($C$4:$O$23,Q49) -> 4 | S49: =+T49*150+U49*75+V49*120+W49*60+X49*165+Y49*60+Z49*120+AA49*60 -> 450 | T49: =COUNTIFS($C$4:$D$23,Q49) -> 1 | U49: =COUNTIFS($E$4:$F$23,Q49) -> 0 | V49: =COUNTIFS($G$4:$H$23,Q49) -> 1 | W49: =COUNTIFS($I$4:$I$23,Q49) -> 0 | X49: =COUNTIFS($J$4:$K$23,Q49) -> 0 | Y49: =COUNTIFS($L$4:$L$23,Q49) -> 1 | Z49: =COUNTIFS($M$4:$N$23,Q49) -> 1 | AA49: =COUNTIFS($O$4:$O$23,Q49) -> 0
Q50: 王帅 | R50: =COUNTIFS($C$4:$O$23,Q50) -> 4 | S50: =+T50*150+U50*75+V50*120+W50*60+X50*165+Y50*60+Z50*120+AA50*60 -> 450 | T50: =COUNTIFS($C$4:$D$23,Q50) -> 1 | U50: =COUNTIFS($E$4:$F$23,Q50) -> 0 | V50: =COUNTIFS($G$4:$H$23,Q50) -> 1 | W50: =COUNTIFS($I$4:$I$23,Q50) -> 0 | X50: =COUNTIFS($J$4:$K$23,Q50) -> 0 | Y50: =COUNTIFS($L$4:$L$23,Q50) -> 0 | Z50: =COUNTIFS($M$4:$N$23,Q50) -> 1 | AA50: =COUNTIFS($O$4:$O$23,Q50) -> 1
... Q53: 李嘉燕 | R53: =COUNTIFS($C$4:$O$23,Q53) -> 4 | S53: =+T53*150+U53*75+V53*120+W53*60+X53*165+Y53*60+Z53*120+AA53*60 -> 450 | T53: =COUNTIFS($C$4:$D$23,Q53) -> 1 | U53: =COUNTIFS($E$4:$F$23,Q53) -> 1 | V53: =COUNTIFS($G$4:$H$23,Q53) -> 0 | W53: =COUNTIFS($I$4:$I$23,Q53) -> 0 | X53: =COUNTIFS($J$4:$K$23,Q53) -> 1 | Y53: =COUNTIFS($L$4:$L$23,Q53) -> 1 | Z53: =COUNTIFS($M$4:$N$23,Q53) -> 0 | AA53: =COUNTIFS($O$4:$O$23,Q53) -> 0

Sheet 比对
A1: =[1]巡视!$A$1&"监考安排" -> 2025-2026学年高二第一学期期中考监考安排 | T1: 11月5日（周三） | X1: 11月6日（周四）
A2: 试室 | B2: 人数 | C2: 11月5日（周三） | J2: 11月6日（周四） | T2: 语文 | U2: 物理/历史 | V2: 数学 | W2: 政治学考 | X2: 4选2 | Y2: 自习 | Z2: 英语 | AA2: 物理学考
C3: 8:00-10:30 语文 | E3: 11:00-12:15 物理/历史 | G3: 14:30-16:30 数学 | I3: 17:00-18:00 政治学考 | J3: 8:00-10:45 4选2 | L3: 11:15-12:15 自习 | M3: 14:30-16:30 英语 | O3: 17:00-18:00 物理学考 | Q3: 姓名 | R3: 段数 | S3: 时长 | T3: 8:00-10:30 | U3: 11:00-12:15 | V3: 14:30-16:30 | W3: 17:00-18:00 | X3: 8:00-10:45 | Y3: 11:15-12:15 | Z3: 14:30-16:30 | AA3: 17:00-18:00 | AD3: 物理 | AE3: 历史 | AF3: 化学 | AG3: 生物 | AH3: 地理 | AI3: 政治 | AK3: 语文20考场 | AL3: 20*45 | AM3: =20*45 -> 900 | AN3: 50 | AO3: =AM3+AN3 -> 950
A4: 高二1班 | B4: =COUNTIFS([1]学生编排结果!$H:$H,A4) -> #VALUE! | C4: =IF(监考安排!C4='监考安排（旧）'!C4,"1",监考安排!C4) -> 1 | D4: =IF(监考安排!D4='监考安排（旧）'!D4,"1",监考安排!D4) -> 1 | E4: =IF(监考安排!E4='监考安排（旧）'!E4,"1",监考安排!E4) -> 1 | F4: =IF(监考安排!F4='监考安排（旧）'!F4,"1",监考安排!F4) -> 1 | G4: =IF(监考安排!G4='监考安排（旧）'!G4,"1",监考安排!G4) -> 郑婉慧 | H4: =IF(监考安排!H4='监考安排（旧）'!H4,"1",监考安排!H4) -> 1 | I4: =IF(监考安排!I4='监考安排（旧）'!I4,"1",监考安排!I4) -> 陈美苑 | J4: =IF(监考安排!J4='监考安排（旧）'!J4,"1",监考安排!J4) -> 1 | ... O4: =IF(监考安排!O4='监考安排（旧）'!O4,"1",监考安排!O4) -> 1 | Q4: 林蕴瑜 | R4: =COUNTIFS($C$4:$O$23,Q4) -> 2 | S4: =+T4*150+U4*75+V4*120+W4*60+X4*165+Y4*60+Z4*120+AA4*60 -> 210 | T4: =COUNTIFS($C$4:$D$23,Q4) -> 1 | U4: =COUNTIFS($E$4:$F$23,Q4) -> 0 | V4: =COUNTIFS($G$4:$H$23,Q4) -> 0 | W4: =COUNTIFS($I$4:$I$23,Q4) -> 0 | X4: =COUNTIFS($J$4:$K$23,Q4) -> 0 | Y4: =COUNTIFS($L$4:$L$23,Q4) -> 0 | Z4: =COUNTIFS($M$4:$N$23,Q4) -> 0 | AA4: =COUNTIFS($O$4:$O$23,Q4) -> 1 | AC4: 高二1班 | AD4: 42 | AE4: 0 | AF4: 42 | AG4: 42 | AH4: 0 | AI4: 0 | AK4: 数学20考场 | AL4: 20*45 | AM4: =20*45 -> 900 | AN4: 50 | AO4: =AM4+AN4 -> 950
A5: 高二2班 | B5: =COUNTIFS([1]学生编排结果!$H:$H,A5) -> #VALUE! | C5: =IF(监考安排!C5='监考安排（旧）'!C5,"1",监考安排!C5) -> 王倩 | D5: =IF(监考安排!D5='监考安排（旧）'!D5,"1",监考安排!D5) -> 1 | E5: =IF(监考安排!E5='监考安排（旧）'!E5,"1",监考安排!E5) -> 1 | F5: =IF(监考安排!F5='监考安排（旧）'!F5,"1",监考安排!F5) -> 1 | G5: =IF(监考安排!G5='监考安排（旧）'!G5,"1",监考安排!G5) -> 1 | H5: =IF(监考安排!H5='监考安排（旧）'!H5,"1",监考安排!H5) -> 1 | I5: =IF(监考安排!I5='监考安排（旧）'!I5,"1",监考安排!I5) -> 王菲飞 | J5: =IF(监考安排!J5='监考安排（旧）'!J5,"1",监考安排!J5) -> 1 | ... O5: =IF(监考安排!O5='监考安排（旧）'!O5,"1",监考安排!O5) -> 1 | Q5: 明珊珊 | R5: =COUNTIFS($C$4:$O$23,Q5) -> 2 | S5: =+T5*150+U5*75+V5*120+W5*60+X5*165+Y5*60+Z5*120+AA5*60 -> 210 | T5: =COUNTIFS($C$4:$D$23,Q5) -> 1 | U5: =COUNTIFS($E$4:$F$23,Q5) -> 0 | V5: =COUNTIFS($G$4:$H$23,Q5) -> 0 | W5: =COUNTIFS($I$4:$I$23,Q5) -> 0 | X5: =COUNTIFS($J$4:$K$23,Q5) -> 0 | Y5: =COUNTIFS($L$4:$L$23,Q5) -> 0 | Z5: =COUNTIFS($M$4:$N$23,Q5) -> 0 | AA5: =COUNTIFS($O$4:$O$23,Q5) -> 1 | AC5: 高二2班 | AD5: 42 | AE5: 0 | AF5: 42 | AG5: 42 | AH5: 0 | AI5: 0 | AK5: 英语20考场 | AL5: 20*45 | AM5: =20*45 -> 900 | AN5: 50 | AO5: =AM5+AN5 -> 950
A6: 高二3班 | B6: =COUNTIFS([1]学生编排结果!$H:$H,A6) -> #VALUE! | C6: =IF(监考安排!C6='监考安排（旧）'!C6,"1",监考安排!C6) -> 1 | D6: =IF(监考安排!D6='监考安排（旧）'!D6,"1",监考安排!D6) -> 1 | E6: =IF(监考安排!E6='监考安排（旧）'!E6,"1",监考安排!E6) -> 1 | F6: =IF(监考安排!F6='监考安排（旧）'!F6,"1",监考安排!F6) -> 1 | G6: =IF(监考安排!G6='监考安排（旧）'!G6,"1",监考安排!G6) -> 1 | H6: =IF(监考安排!H6='监考安排（旧）'!H6,"1",监考安排!H6) -> 1 | I6: =IF(监考安排!I6='监考安排（旧）'!I6,"1",监考安排!I6) -> 1 | J6: =IF(监考安排!J6='监考安排（旧）'!J6,"1",监考安排!J6) -> 1 | ... O6: =IF(监考安排!O6='监考安排（旧）'!O6,"1",监考安排!O6) -> 明珊珊 | Q6: 蒋思明 | R6: =COUNTIFS($C$4:$O$23,Q6) -> 0 | S6: =+T6*150+U6*75+V6*120+W6*60+X6*165+Y6*60+Z6*120+AA6*60 -> 0 | T6: =COUNTIFS($C$4:$D$23,Q6) -> 0 | U6: =COUNTIFS($E$4:$F$23,Q6) -> 0 | V6: =COUNTIFS($G$4:$H$23,Q6) -> 0 | W6: =COUNTIFS($I$4:$I$23,Q6) -> 0 | X6: =COUNTIFS($J$4:$K$23,Q6) -> 0 | Y6: =COUNTIFS($L$4:$L$23,Q6) -> 0 | Z6: =COUNTIFS($M$4:$N$23,Q6) -> 0 | AA6: =COUNTIFS($O$4:$O$23,Q6) -> 0 | AC6: 高二3班 | AD6: 42 | AE6: 0 | AF6: 42 | AG6: 42 | AH6: 0 | AI6: 0 | AK6: 物理15考场 | AL6: 15*45 | AM6: =15*45 -> 675 | AN6: 50 | AO6: =AM6+AN6 -> 725
A7: 高二4班 | B7: =COUNTIFS([1]学生编排结果!$H:$H,A7) -> #VALUE! | C7: =IF(监考安排!C7='监考安排（旧）'!C7,"1",监考安排!C7) -> 1 | D7: =IF(监考安排!D7='监考安排（旧）'!D7,"1",监考安排!D7) -> 1 | E7: =IF(监考安排!E7='监考安排（旧）'!E7,"1",监考安排!E7) -> 1 | F7: =IF(监考安排!F7='监考安排（旧）'!F7,"1",监考安排!F7) -> 1 | G7: =IF(监考安排!G7='监考安排（旧）'!G7,"1",监考安排!G7) -> 1 | H7: =IF(监考安排!H7='监考安排（旧）'!H7,"1",监考安排!H7) -> 1 | I7: =IF(监考安排!I7='监考安排（旧）'!I7,"1",监考安排!I7) -> 1 | J7: =IF(监考安排!J7='监考安排（旧）'!J7,"1",监考安排!J7) -> 李智芳 | ... O7: =IF(监考安排!O7='监考安排（旧）'!O7,"1",监考安排!O7) -> 1 | Q7: 吕雪容 | R7: =COUNTIFS($C$4:$O$23,Q7) -> 0 | S7: =+T7*150+U7*75+V7*120+W7*60+X7*165+Y7*60+Z7*120+AA7*60 -> 0 | T7: =COUNTIFS($C$4:$D$23,Q7) -> 0 | U7: =COUNTIFS($E$4:$F$23,Q7) -> 0 | V7: =COUNTIFS($G$4:$H$23,Q7) -> 0 | W7: =COUNTIFS($I$4:$I$23,Q7) -> 0 | X7: =COUNTIFS($J$4:$K$23,Q7) -> 0 | Y7: =COUNTIFS($L$4:$L$23,Q7) -> 0 | Z7: =COUNTIFS($M$4:$N$23,Q7) -> 0 | AA7: =COUNTIFS($O$4:$O$23,Q7) -> 0 | AC7: 高二4班 | AD7: 42 | AE7: 0 | AF7: 42 | AG7: 42 | AH7: 0 | AI7: 0 | AK7: 历史5考场 | AL7: 5*45 | AM7: =5*45 -> 225 | AN7: 25 | AO7: =AM7+AN7 -> 250
A8: 高二5班 | B8: =COUNTIFS([1]学生编排结果!$H:$H,A8) -> #VALUE! | C8: =IF(监考安排!C8='监考安排（旧）'!C8,"1",监考安排!C8) -> 林蕴瑜 | D8: =IF(监考安排!D8='监考安排（旧）'!D8,"1",监考安排!D8) -> 1 | E8: =IF(监考安排!E8='监考安排（旧）'!E8,"1",监考安排!E8) -> 1 | F8: =IF(监考安排!F8='监考安排（旧）'!F8,"1",监考安排!F8) -> 1 | G8: =IF(监考安排!G8='监考安排（旧）'!G8,"1",监考安排!G8) -> 1 | H8: =IF(监考安排!H8='监考安排（旧）'!H8,"1",监考安排!H8) -> 1 | I8: =IF(监考安排!I8='监考安排（旧）'!I8,"1",监考安排!I8) -> 1 | J8: =IF(监考安排!J8='监考安排（旧）'!J8,"1",监考安排!J8) -> 1 | ... O8: =IF(监考安排!O8='监考安排（旧）'!O8,"1",监考安排!O8) -> 林蕴瑜 | Q8: 彭海影 | R8: =COUNTIFS($C$4:$O$23,Q8) -> 2 | S8: =+T8*150+U8*75+V8*120+W8*60+X8*165+Y8*60+Z8*120+AA8*60 -> 210 | T8: =COUNTIFS($C$4:$D$23,Q8) -> 1 | U8: =COUNTIFS($E$4:$F$23,Q8) -> 0 | V8: =COUNTIFS($G$4:$H$23,Q8) -> 0 | W8: =COUNTIFS($I$4:$I$23,Q8) -> 0 | X8: =COUNTIFS($J$4:$K$23,Q8) -> 0 | Y8: =COUNTIFS($L$4:$L$23,Q8) -> 0 | Z8: =COUNTIFS($M$4:$N$23,Q8) -> 0 | AA8: =COUNTIFS($O$4:$O$23,Q8) -> 1 | AC8: 高二5班 | AD8: 42 | AE8: 0 | AF8: 42 | AG8: 42 | AH8: 0 | AI8: 0 | AK8: 化学16考场 | AL8: 16*45 | AM8: =16*45 -> 720 | AN8: 0 | AO8: =AM8+AN8 -> 720
A9: 高二6班 | B9: =COUNTIFS([1]学生编排结果!$H:$H,A9) -> #VALUE! | C9: =IF(监考安排!C9='监考安排（旧）'!C9,"1",监考安排!C9) -> 1 | D9: =IF(监考安排!D9='监考安排（旧）'!D9,"1",监考安排!D9) -> 1 | E9: =IF(监考安排!E9='监考安排（旧）'!E9,"1",监考安排!E9) -> 1 | F9: =IF(监考安排!F9='监考安排（旧）'!F9,"1",监考安排!F9) -> 1 | G9: =IF(监考安排!G9='监考安排（旧）'!G9,"1",监考安排!G9) -> 1 | H9: =IF(监考安排!H9='监考安排（旧）'!H9,"1",监考安排!H9) -> 1 | I9: =IF(监考安排!I9='监考安排（旧）'!I9,"1",监考安排!I9) -> 李昕雨 | J9: =IF(监考安排!J9='监考安排（旧）'!J9,"1",监考安排!J9) -> 1 | ... O9: =IF(监考安排!O9='监考安排（旧）'!O9,"1",监考安排!O9) -> 许业琳 | Q9: 张光礼 | R9: =COUNTIFS($C$4:$O$23,Q9) -> 0 | S9: =+T9*150+U9*75+V9*120+W9*60+X9*165+Y9*60+Z9*120+AA9*60 -> 0 | T9: =COUNTIFS($C$4:$D$23,Q9) -> 0 | U9: =COUNTIFS($E$4:$F$23,Q9) -> 0 | V9: =COUNTIFS($G$4:$H$23,Q9) -> 0 | W9: =COUNTIFS($I$4:$I$23,Q9) -> 0 | X9: =COUNTIFS($J$4:$K$23,Q9) -> 0 | Y9: =COUNTIFS($L$4:$L$23,Q9) -> 0 | Z9: =COUNTIFS($M$4:$N$23,Q9) -> 0 | AA9: =COUNTIFS($O$4:$O$23,Q9) -> 0 | AC9: 高二6班 | AD9: 42 | AE9: 0 | AF9: 42 | AG9: 42 | AH9: 0 | AI9: 0 | AK9: 生物12考场 | AL9: 12*45 | AM9: =12*45 -> 540 | AN9: 0 | AO9: =AM9+AN9 -> 540
A10: 高二7班 | B10: =COUNTIFS([1]学生编排结果!$H:$H,A10) -> #VALUE! | C10: =IF(监考安排!C10='监考安排（旧）'!C10,"1",监考安排!C10) -> 周罗洁 | D10: =IF(监考安排!D10='监考安排（旧）'!D10,"1",监考安排!D10) -> 1 | E10: =IF(监考安排!E10='监考安排（旧）'!E10,"1",监考安排!E10) -> 1 | F10: =IF(监考安排!F10='监考安排（旧）'!F10,"1",监考安排!F10) -> 1 | G10: =IF(监考安排!G10='监考安排（旧）'!G10,"1",监考安排!G10) -> 1 | H10: =IF(监考安排!H10='监考安排（旧）'!H10,"1",监考安排!H10) -> 1 | I10: =IF(监考安排!I10='监考安排（旧）'!I10,"1",监考安排!I10) -> 1 | J10: =IF(监考安排!J10='监考安排（旧）'!J10,"1",监考安排!J10) -> 1 | ... O10: =IF(监考安排!O10='监考安排（旧）'!O10,"1",监考安排!O10) -> 1 | Q10: 赵香甜 | R10: =COUNTIFS($C$4:$O$23,Q10) -> 0 | S10: =+T10*150+U10*75+V10*120+W10*60+X10*165+Y10*60+Z10*120+AA10*60 -> 0 | T10: =COUNTIFS($C$4:$D$23,Q10) -> 0 | U10: =COUNTIFS($E$4:$F$23,Q10) -> 0 | V10: =COUNTIFS($G$4:$H$23,Q10) -> 0 | W10: =COUNTIFS($I$4:$I$23,Q10) -> 0 | X10: =COUNTIFS($J$4:$K$23,Q10) -> 0 | Y10: =COUNTIFS($L$4:$L$23,Q10) -> 0 | Z10: =COUNTIFS($M$4:$N$23,Q10) -> 0 | AA10: =COUNTIFS($O$4:$O$23,Q10) -> 0 | AC10: 高二7班 | AD10: 42 | AE10: 0 | AF10: 42 | AG10: 42 | AH10: 0 | AI10: 0 | AK10: 地理8考场 | AL10: 8*45 | AM10: =8*45 -> 360 | AN10: 0 | AO10: =AM10+AN10 -> 360
A11: 高二8班 | B11: =COUNTIFS([1]学生编排结果!$H:$H,A11) -> #VALUE! | C11: =IF(监考安排!C11='监考安排（旧）'!C11,"1",监考安排!C11) -> 1 | D11: =IF(监考安排!D11='监考安排（旧）'!D11,"1",监考安排!D11) -> 1 | E11: =IF(监考安排!E11='监考安排（旧）'!E11,"1",监考安排!E11) -> 1 | F11: =IF(监考安排!F11='监考安排（旧）'!F11,"1",监考安排!F11) -> 1 | G11: =IF(监考安排!G11='监考安排（旧）'!G11,"1",监考安排!G11) -> 1 | H11: =IF(监考安排!H11='监考安排（旧）'!H11,"1",监考安排!H11) -> 1 | I11: =IF(监考安排!I11='监考安排（旧）'!I11,"1",监考安排!I11) -> 1 | J11: =IF(监考安排!J11='监考安排（旧）'!J11,"1",监考安排!J11) -> 1 | ... O11: =IF(监考安排!O11='监考安排（旧）'!O11,"1",监考安排!O11) -> 1 | Q11: 段蕴瑶 | R11: =COUNTIFS($C$4:$O$23,Q11) -> 0 | S11: =+T11*150+U11*75+V11*120+W11*60+X11*165+Y11*60+Z11*120+AA11*60 -> 0 | T11: =COUNTIFS($C$4:$D$23,Q11) -> 0 | U11: =COUNTIFS($E$4:$F$23,Q11) -> 0 | V11: =COUNTIFS($G$4:$H$23,Q11) -> 0 | W11: =COUNTIFS($I$4:$I$23,Q11) -> 0 | X11: =COUNTIFS($J$4:$K$23,Q11) -> 0 | Y11: =COUNTIFS($L$4:$L$23,Q11) -> 0 | Z11: =COUNTIFS($M$4:$N$23,Q11) -> 0 | AA11: =COUNTIFS($O$4:$O$23,Q11) -> 0 | AC11: 高二8班 | AD11: 42 | AE11: 0 | AF11: 42 | AG11: 42 | AH11: 0 | AI11: 0 | AK11: 政治7考场 | AL11: 7*45 | AM11: =7*45 -> 315 | AO11: =AM11+AN11 -> 315
A12: 高二9班 | B12: =COUNTIFS([1]学生编排结果!$H:$H,A12) -> #VALUE! | C12: =IF(监考安排!C12='监考安排（旧）'!C12,"1",监考安排!C12) -> 1 | D12: =IF(监考安排!D12='监考安排（旧）'!D12,"1",监考安排!D12) -> 1 | E12: =IF(监考安排!E12='监考安排（旧）'!E12,"1",监考安排!E12) -> 1 | F12: =IF(监考安排!F12='监考安排（旧）'!F12,"1",监考安排!F12) -> 1 | G12: =IF(监考安排!G12='监考安排（旧）'!G12,"1",监考安排!G12) -> 1 | H12: =IF(监考安排!H12='监考安排（旧）'!H12,"1",监考安排!H12) -> 刘良桂 | I12: =IF(监考安排!I12='监考安排（旧）'!I12,"1",监考安排!I12) -> 1 | J12: =IF(监考安排!J12='监考安排（旧）'!J12,"1",监考安排!J12) -> 1 | ... O12: =IF(监考安排!O12='监考安排（旧）'!O12,"1",监考安排!O12) -> 1 | Q12: 钟三明 | R12: =COUNTIFS($C$4:$O$23,Q12) -> 0 | S12: =+T12*150+U12*75+V12*120+W12*60+X12*165+Y12*60+Z12*120+AA12*60 -> 0 | T12: =COUNTIFS($C$4:$D$23,Q12) -> 0 | U12: =COUNTIFS($E$4:$F$23,Q12) -> 0 | V12: =COUNTIFS($G$4:$H$23,Q12) -> 0 | W12: =COUNTIFS($I$4:$I$23,Q12) -> 0 | X12: =COUNTIFS($J$4:$K$23,Q12) -> 0 | Y12: =COUNTIFS($L$4:$L$23,Q12) -> 0 | Z12: =COUNTIFS($M$4:$N$23,Q12) -> 0 | AA12: =COUNTIFS($O$4:$O$23,Q12) -> 0 | AC12: 高二9班 | AD12: 42 | AE12: 0 | AF12: 42 | AG12: 42 | AH12: 0 | AI12: 0
A13: 高二10班 | B13: =COUNTIFS([1]学生编排结果!$H:$H,A13) -> #VALUE! | C13: =IF(监考安排!C13='监考安排（旧）'!C13,"1",监考安排!C13) -> 1 | D13: =IF(监考安排!D13='监考安排（旧）'!D13,"1",监考安排!D13) -> 1 | E13: =IF(监考安排!E13='监考安排（旧）'!E13,"1",监考安排!E13) -> 1 | F13: =IF(监考安排!F13='监考安排（旧）'!F13,"1",监考安排!F13) -> 1 | G13: =IF(监考安排!G13='监考安排（旧）'!G13,"1",监考安排!G13) -> 张妮 | H13: =IF(监考安排!H13='监考安排（旧）'!H13,"1",监考安排!H13) -> 1 | I13: =IF(监考安排!I13='监考安排（旧）'!I13,"1",监考安排!I13) -> 1 | J13: =IF(监考安排!J13='监考安排（旧）'!J13,"1",监考安排!J13) -> 1 | ... O13: =IF(监考安排!O13='监考安排（旧）'!O13,"1",监考安排!O13) -> 1 | Q13: 曹芳 | R13: =COUNTIFS($C$4:$O$23,Q13) -> 0 | S13: =+T13*150+U13*75+V13*120+W13*60+X13*165+Y13*60+Z13*120+AA13*60 -> 0 | T13: =COUNTIFS($C$4:$D$23,Q13) -> 0 | U13: =COUNTIFS($E$4:$F$23,Q13) -> 0 | V13: =COUNTIFS($G$4:$H$23,Q13) -> 0 | W13: =COUNTIFS($I$4:$I$23,Q13) -> 0 | X13: =COUNTIFS($J$4:$K$23,Q13) -> 0 | Y13: =COUNTIFS($L$4:$L$23,Q13) -> 0 | Z13: =COUNTIFS($M$4:$N$23,Q13) -> 0 | AA13: =COUNTIFS($O$4:$O$23,Q13) -> 0 | AC13: 高二10班 | AD13: 42 | AE13: 0 | AF13: 42 | AG13: 42 | AH13: 0 | AI13: 0 | AK13: 物理学考20考场 | AL13: 20*45 | AM13: =20*45 -> 900 | AN13: 50 | AO13: =AM13+AN13 -> 950
A14: 高二11班 | B14: =COUNTIFS([1]学生编排结果!$H:$H,A14) -> #VALUE! | C14: =IF(监考安排!C14='监考安排（旧）'!C14,"1",监考安排!C14) -> 郑婉慧 | D14: =IF(监考安排!D14='监考安排（旧）'!D14,"1",监考安排!D14) -> 1 | E14: =IF(监考安排!E14='监考安排（旧）'!E14,"1",监考安排!E14) -> 郑婉慧 | F14: =IF(监考安排!F14='监考安排（旧）'!F14,"1",监考安排!F14) -> 陈晓迪 | G14: =IF(监考安排!G14='监考安排（旧）'!G14,"1",监考安排!G14) -> 李镇国 | H14: =IF(监考安排!H14='监考安排（旧）'!H14,"1",监考安排!H14) -> 王昕 | I14: =IF(监考安排!I14='监考安排（旧）'!I14,"1",监考安排!I14) -> 1 | J14: =IF(监考安排!J14='监考安排（旧）'!J14,"1",监考安排!J14) -> 1 | ... O14: =IF(监考安排!O14='监考安排（旧）'!O14,"1",监考安排!O14) -> 彭海影 | Q14: 刘良桂 | R14: =COUNTIFS($C$4:$O$23,Q14) -> 1 | S14: =+T14*150+U14*75+V14*120+W14*60+X14*165+Y14*60+Z14*120+AA14*60 -> 120 | T14: =COUNTIFS($C$4:$D$23,Q14) -> 0 | U14: =COUNTIFS($E$4:$F$23,Q14) -> 0 | V14: =COUNTIFS($G$4:$H$23,Q14) -> 1 | W14: =COUNTIFS($I$4:$I$23,Q14) -> 0 | X14: =COUNTIFS($J$4:$K$23,Q14) -> 0 | Y14: =COUNTIFS($L$4:$L$23,Q14) -> 0 | Z14: =COUNTIFS($M$4:$N$23,Q14) -> 0 | AA14: =COUNTIFS($O$4:$O$23,Q14) -> 0 | AC14: 高二11班 | AD14: 42 | AE14: 0 | AF14: 42 | AG14: 42 | AH14: 0 | AI14: 0 | AK14: 政治学考20考场 | AL14: 20*45 | AM14: =20*45 -> 900 | AN14: 50 | AO14: =AM14+AN14 -> 950
A15: 高二12班 | B15: =COUNTIFS([1]学生编排结果!$H:$H,A15) -> #VALUE! | C15: =IF(监考安排!C15='监考安排（旧）'!C15,"1",监考安排!C15) -> 1 | D15: =IF(监考安排!D15='监考安排（旧）'!D15,"1",监考安排!D15) -> 1 | E15: =IF(监考安排!E15='监考安排（旧）'!E15,"1",监考安排!E15) -> 1 | F15: =IF(监考安排!F15='监考安排（旧）'!F15,"1",监考安排!F15) -> 1 | G15: =IF(监考安排!G15='监考安排（旧）'!G15,"1",监考安排!G15) -> 1 | H15: =IF(监考安排!H15='监考安排（旧）'!H15,"1",监考安排!H15) -> 1 | I15: =IF(监考安排!I15='监考安排（旧）'!I15,"1",监考安排!I15) -> 1 | J15: =IF(监考安排!J15='监考安排（旧）'!J15,"1",监考安排!J15) -> 1 | ... O15: =IF(监考安排!O15='监考安排（旧）'!O15,"1",监考安排!O15) -> 1 | Q15: 贺育林 | R15: =COUNTIFS($C$4:$O$23,Q15) -> 0 | S15: =+T15*150+U15*75+V15*120+W15*60+X15*165+Y15*60+Z15*120+AA15*60 -> 0 | T15: =COUNTIFS($C$4:$D$23,Q15) -> 0 | U15: =COUNTIFS($E$4:$F$23,Q15) -> 0 | V15: =COUNTIFS($G$4:$H$23,Q15) -> 0 | W15: =COUNTIFS($I$4:$I$23,Q15) -> 0 | X15: =COUNTIFS($J$4:$K$23,Q15) -> 0 | Y15: =COUNTIFS($L$4:$L$23,Q15) -> 0 | Z15: =COUNTIFS($M$4:$N$23,Q15) -> 0 | AA15: =COUNTIFS($O$4:$O$23,Q15) -> 0 | AC15: 高二12班 | AD15: 42 | AE15: 0 | AF15: 42 | AG15: 0 | AH15: 42 | AI15: 0
A16: 高二13班 | B16: =COUNTIFS([1]学生编排结果!$H:$H,A16) -> #VALUE! | C16: =IF(监考安排!C16='监考安排（旧）'!C16,"1",监考安排!C16) -> 蒋红 | D16: =IF(监考安排!D16='监考安排（旧）'!D16,"1",监考安排!D16) -> 1 | E16: =IF(监考安排!E16='监考安排（旧）'!E16,"1",监考安排!E16) -> 1 | F16: =IF(监考安排!F16='监考安排（旧）'!F16,"1",监考安排!F16) -> 1 | G16: =IF(监考安排!G16='监考安排（旧）'!G16,"1",监考安排!G16) -> 李昕雨 | H16: =IF(监考安排!H16='监考安排（旧）'!H16,"1",监考安排!H16) -> 1 | I16: =IF(监考安排!I16='监考安排（旧）'!I16,"1",监考安排!I16) -> 1 | J16: =IF(监考安排!J16='监考安排（旧）'!J16,"1",监考安排!J16) -> 1 | ... O16: =IF(监考安排!O16='监考安排（旧）'!O16,"1",监考安排!O16) -> 周罗洁 | Q16: 黄楚琪 | R16: =COUNTIFS($C$4:$O$23,Q16) -> 0 | S16: =+T16*150+U16*75+V16*120+W16*60+X16*165+Y16*60+Z16*120+AA16*60 -> 0 | T16: =COUNTIFS($C$4:$D$23,Q16) -> 0 | U16: =COUNTIFS($E$4:$F$23,Q16) -> 0 | V16: =COUNTIFS($G$4:$H$23,Q16) -> 0 | W16: =COUNTIFS($I$4:$I$23,Q16) -> 0 | X16: =COUNTIFS($J$4:$K$23,Q16) -> 0 | Y16: =COUNTIFS($L$4:$L$23,Q16) -> 0 | Z16: =COUNTIFS($M$4:$N$23,Q16) -> 0 | AA16: =COUNTIFS($O$4:$O$23,Q16) -> 0 | AC16: 高二13班 | AD16: 42 | AE16: 0 | AF16: 42 | AG16: 0 | AH16: 42 | AI16: 0
A17: 高二14班 | B17: =COUNTIFS([1]学生编排结果!$H:$H,A17) -> #VALUE! | C17: =IF(监考安排!C17='监考安排（旧）'!C17,"1",监考安排!C17) -> 1 | D17: =IF(监考安排!D17='监考安排（旧）'!D17,"1",监考安排!D17) -> 1 | E17: =IF(监考安排!E17='监考安排（旧）'!E17,"1",监考安排!E17) -> 1 | F17: =IF(监考安排!F17='监考安排（旧）'!F17,"1",监考安排!F17) -> 1 | G17: =IF(监考安排!G17='监考安排（旧）'!G17,"1",监考安排!G17) -> 1 | H17: =IF(监考安排!H17='监考安排（旧）'!H17,"1",监考安排!H17) -> 1 | I17: =IF(监考安排!I17='监考安排（旧）'!I17,"1",监考安排!I17) -> 蒋虹 | J17: =IF(监考安排!J17='监考安排（旧）'!J17,"1",监考安排!J17) -> 张芷欣 | ... O17: =IF(监考安排!O17='监考安排（旧）'!O17,"1",监考安排!O17) -> 李镇国 | Q17: 许业琳 | R17: =COUNTIFS($C$4:$O$23,Q17) -> 2 | S17: =+T17*150+U17*75+V17*120+W17*60+X17*165+Y17*60+Z17*120+AA17*60 -> 180 | T17: =COUNTIFS($C$4:$D$23,Q17) -> 0 | U17: =COUNTIFS($E$4:$F$23,Q17) -> 0 | V17: =COUNTIFS($G$4:$H$23,Q17) -> 0 | W17: =COUNTIFS($I$4:$I$23,Q17) -> 0 | X17: =COUNTIFS($J$4:$K$23,Q17) -> 0 | Y17: =COUNTIFS($L$4:$L$23,Q17) -> 0 | Z17: =COUNTIFS($M$4:$N$23,Q17) -> 1 | AA17: =COUNTIFS($O$4:$O$23,Q17) -> 1 | AC17: 高二14班 | AD17: 42 | AE17: 0 | AF17: 42 | AG17: 0 | AH17: 0 | AI17: 42
A18: 高二15班 | B18: =COUNTIFS([1]学生编排结果!$H:$H,A18) -> #VALUE! | C18: =IF(监考安排!C18='监考安排（旧）'!C18,"1",监考安排!C18) -> 1 | D18: =IF(监考安排!D18='监考安排（旧）'!D18,"1",监考安排!D18) -> 1 | E18: =IF(监考安排!E18='监考安排（旧）'!E18,"1",监考安排!E18) -> 孙静 | F18: =IF(监考安排!F18='监考安排（旧）'!F18,"1",监考安排!F18) -> 1 | G18: =IF(监考安排!G18='监考安排（旧）'!G18,"1",监考安排!G18) -> 1 | H18: =IF(监考安排!H18='监考安排（旧）'!H18,"1",监考安排!H18) -> 1 | I18: =IF(监考安排!I18='监考安排（旧）'!I18,"1",监考安排!I18) -> 张芷欣 | J18: =IF(监考安排!J18='监考安排（旧）'!J18,"1",监考安排!J18) -> 1 | ... O18: =IF(监考安排!O18='监考安排（旧）'!O18,"1",监考安排!O18) -> 陈坚 | Q18: 陈坚 | R18: =COUNTIFS($C$4:$O$23,Q18) -> 1 | S18: =+T18*150+U18*75+V18*120+W18*60+X18*165+Y18*60+Z18*120+AA18*60 -> 60 | T18: =COUNTIFS($C$4:$D$23,Q18) -> 0 | U18: =COUNTIFS($E$4:$F$23,Q18) -> 0 | V18: =COUNTIFS($G$4:$H$23,Q18) -> 0 | W18: =COUNTIFS($I$4:$I$23,Q18) -> 0 | X18: =COUNTIFS($J$4:$K$23,Q18) -> 0 | Y18: =COUNTIFS($L$4:$L$23,Q18) -> 0 | Z18: =COUNTIFS($M$4:$N$23,Q18) -> 0 | AA18: =COUNTIFS($O$4:$O$23,Q18) -> 1 | AC18: 高二15班 | AD18: 0 | AE18: 42 | AF18: 0 | AG18: 0 | AH18: 42 | AI18: 42
A19: 高二16班 | B19: =COUNTIFS([1]学生编排结果!$H:$H,A19) -> #VALUE! | C19: =IF(监考安排!C19='监考安排（旧）'!C19,"1",监考安排!C19) -> 1 | D19: =IF(监考安排!D19='监考安排（旧）'!D19,"1",监考安排!D19) -> 1 | E19: =IF(监考安排!E19='监考安排（旧）'!E19,"1",监考安排!E19) -> 1 | F19: =IF(监考安排!F19='监考安排（旧）'!F19,"1",监考安排!F19) -> 1 | G19: =IF(监考安排!G19='监考安排（旧）'!G19,"1",监考安排!G19) -> 1 | H19: =IF(监考安排!H19='监考安排（旧）'!H19,"1",监考安排!H19) -> 1 | I19: =IF(监考安排!I19='监考安排（旧）'!I19,"1",监考安排!I19) -> 谢晨阳 | J19: =IF(监考安排!J19='监考安排（旧）'!J19,"1",监考安排!J19) -> 1 | ... O19: =IF(监考安排!O19='监考安排（旧）'!O19,"1",监考安排!O19) -> 1 | Q19: 郑婉慧 | R19: =COUNTIFS($C$4:$O$23,Q19) -> 3 | S19: =+T19*150+U19*75+V19*120+W19*60+X19*165+Y19*60+Z19*120+AA19*60 -> 345 | T19: =COUNTIFS($C$4:$D$23,Q19) -> 1 | U19: =COUNTIFS($E$4:$F$23,Q19) -> 1 | V19: =COUNTIFS($G$4:$H$23,Q19) -> 1 | W19: =COUNTIFS($I$4:$I$23,Q19) -> 0 | X19: =COUNTIFS($J$4:$K$23,Q19) -> 0 | Y19: =COUNTIFS($L$4:$L$23,Q19) -> 0 | Z19: =COUNTIFS($M$4:$N$23,Q19) -> 0 | AA19: =COUNTIFS($O$4:$O$23,Q19) -> 0 | AC19: 高二16班 | AD19: 0 | AE19: 42 | AF19: 0 | AG19: 0 | AH19: 42 | AI19: 42
A20: 公共课室3 | B20: =COUNTIFS([1]学生编排结果!$H:$H,A20) -> #VALUE! | C20: =IF(监考安排!C20='监考安排（旧）'!C20,"1",监考安排!C20) -> 1 | D20: =IF(监考安排!D20='监考安排（旧）'!D20,"1",监考安排!D20) -> 1 | E20: =IF(监考安排!E20='监考安排（旧）'!E20,"1",监考安排!E20) -> 1 | F20: =IF(监考安排!F20='监考安排（旧）'!F20,"1",监考安排!F20) -> 1 | G20: =IF(监考安排!G20='监考安排（旧）'!G20,"1",监考安排!G20) -> 1 | H20: =IF(监考安排!H20='监考安排（旧）'!H20,"1",监考安排!H20) -> 1 | I20: =IF(监考安排!I20='监考安排（旧）'!I20,"1",监考安排!I20) -> 王帅 | J20: =IF(监考安排!J20='监考安排（旧）'!J20,"1",监考安排!J20) -> 黄朝阳 | ... O20: =IF(监考安排!O20='监考安排（旧）'!O20,"1",监考安排!O20) -> 1 | Q20: 周罗洁 | R20: =COUNTIFS($C$4:$O$23,Q20) -> 2 | S20: =+T20*150+U20*75+V20*120+W20*60+X20*165+Y20*60+Z20*120+AA20*60 -> 210 | T20: =COUNTIFS($C$4:$D$23,Q20) -> 1 | U20: =COUNTIFS($E$4:$F$23,Q20) -> 0 | V20: =COUNTIFS($G$4:$H$23,Q20) -> 0 | W20: =COUNTIFS($I$4:$I$23,Q20) -> 0 | X20: =COUNTIFS($J$4:$K$23,Q20) -> 0 | Y20: =COUNTIFS($L$4:$L$23,Q20) -> 0 | Z20: =COUNTIFS($M$4:$N$23,Q20) -> 0 | AA20: =COUNTIFS($O$4:$O$23,Q20) -> 1 | AC20: 公共课室3 | AD20: 0 | AE20: 42 | AF20: 0 | AG20: 0 | AH20: 42 | AI20: 42
A21: 公共课室4 | B21: =COUNTIFS([1]学生编排结果!$H:$H,A21) -> #VALUE! | C21: =IF(监考安排!C21='监考安排（旧）'!C21,"1",监考安排!C21) -> 彭海影 | D21: =IF(监考安排!D21='监考安排（旧）'!D21,"1",监考安排!D21) -> 1 | E21: =IF(监考安排!E21='监考安排（旧）'!E21,"1",监考安排!E21) -> 1 | F21: =IF(监考安排!F21='监考安排（旧）'!F21,"1",监考安排!F21) -> 1 | G21: =IF(监考安排!G21='监考安排（旧）'!G21,"1",监考安排!G21) -> 1 | H21: =IF(监考安排!H21='监考安排（旧）'!H21,"1",监考安排!H21) -> 1 | I21: =IF(监考安排!I21='监考安排（旧）'!I21,"1",监考安排!I21) -> 1 | J21: =IF(监考安排!J21='监考安排（旧）'!J21,"1",监考安排!J21) -> 1 | ... O21: =IF(监考安排!O21='监考安排（旧）'!O21,"1",监考安排!O21) -> 1 | Q21: 王昕 | R21: =COUNTIFS($C$4:$O$23,Q21) -> 2 | S21: =+T21*150+U21*75+V21*120+W21*60+X21*165+Y21*60+Z21*120+AA21*60 -> 180 | T21: =COUNTIFS($C$4:$D$23,Q21) -> 0 | U21: =COUNTIFS($E$4:$F$23,Q21) -> 0 | V21: =COUNTIFS($G$4:$H$23,Q21) -> 1 | W21: =COUNTIFS($I$4:$I$23,Q21) -> 0 | X21: =COUNTIFS($J$4:$K$23,Q21) -> 0 | Y21: =COUNTIFS($L$4:$L$23,Q21) -> 1 | Z21: =COUNTIFS($M$4:$N$23,Q21) -> 0 | AA21: =COUNTIFS($O$4:$O$23,Q21) -> 0 | AC21: 公共课室4 | AD21: 0 | AE21: 42 | AF21: 0 | AG21: 0 | AH21: 42 | AI21: 42
A22: 公共课室5 | B22: =COUNTIFS([1]学生编排结果!$H:$H,A22) -> #VALUE! | C22: =IF(监考安排!C22='监考安排（旧）'!C22,"1",监考安排!C22) -> 明珊珊 | D22: =IF(监考安排!D22='监考安排（旧）'!D22,"1",监考安排!D22) -> 1 | E22: =IF(监考安排!E22='监考安排（旧）'!E22,"1",监考安排!E22) -> 黄朝阳 | F22: =IF(监考安排!F22='监考安排（旧）'!F22,"1",监考安排!F22) -> 1 | G22: =IF(监考安排!G22='监考安排（旧）'!G22,"1",监考安排!G22) -> 1 | H22: =IF(监考安排!H22='监考安排（旧）'!H22,"1",监考安排!H22) -> 1 | I22: =IF(监考安排!I22='监考安排（旧）'!I22,"1",监考安排!I22) -> 1 | J22: =IF(监考安排!J22='监考安排（旧）'!J22,"1",监考安排!J22) -> 1 | ... O22: =IF(监考安排!O22='监考安排（旧）'!O22,"1",监考安排!O22) -> 1 | Q22: 王海劲 | R22: =COUNTIFS($C$4:$O$23,Q22) -> 0 | S22: =+T22*150+U22*75+V22*120+W22*60+X22*165+Y22*60+Z22*120+AA22*60 -> 0 | T22: =COUNTIFS($C$4:$D$23,Q22) -> 0 | U22: =COUNTIFS($E$4:$F$23,Q22) -> 0 | V22: =COUNTIFS($G$4:$H$23,Q22) -> 0 | W22: =COUNTIFS($I$4:$I$23,Q22) -> 0 | X22: =COUNTIFS($J$4:$K$23,Q22) -> 0 | Y22: =COUNTIFS($L$4:$L$23,Q22) -> 0 | Z22: =COUNTIFS($M$4:$N$23,Q22) -> 0 | AA22: =COUNTIFS($O$4:$O$23,Q22) -> 0 | AC22: 公共课室5 | AD22: 36 (1-36) | AE22: 0 | AF22: 33 (1-33) | AG22: 8 (29-36) | AH22: 19 (1-17、34-35) | AI22: 12 (18-28、36)
A23: 公共课室6 | B23: =COUNTIFS([1]学生编排结果!$H:$H,A23) -> #VALUE! | C23: =IF(监考安排!C23='监考安排（旧）'!C23,"1",监考安排!C23) -> 1 | D23: =IF(监考安排!D23='监考安排（旧）'!D23,"1",监考安排!D23) -> 1 | E23: =IF(监考安排!E23='监考安排（旧）'!E23,"1",监考安排!E23) -> 1 | F23: =IF(监考安排!F23='监考安排（旧）'!F23,"1",监考安排!F23) -> 1 | G23: =IF(监考安排!G23='监考安排（旧）'!G23,"1",监考安排!G23) -> 1 | H23: =IF(监考安排!H23='监考安排（旧）'!H23,"1",监考安排!H23) -> 1 | I23: =IF(监考安排!I23='监考安排（旧）'!I23,"1",监考安排!I23) -> 1 | J23: =IF(监考安排!J23='监考安排（旧）'!J23,"1",监考安排!J23) -> 1 | ... O23: =IF(监考安排!O23='监考安排（旧）'!O23,"1",监考安排!O23) -> 1 | Q23: 李镇国 | R23: =COUNTIFS($C$4:$O$23,Q23) -> 2 | S23: =+T23*150+U23*75+V23*120+W23*60+X23*165+Y23*60+Z23*120+AA23*60 -> 180 | T23: =COUNTIFS($C$4:$D$23,Q23) -> 0 | U23: =COUNTIFS($E$4:$F$23,Q23) -> 0 | V23: =COUNTIFS($G$4:$H$23,Q23) -> 1 | W23: =COUNTIFS($I$4:$I$23,Q23) -> 0 | X23: =COUNTIFS($J$4:$K$23,Q23) -> 0 | Y23: =COUNTIFS($L$4:$L$23,Q23) -> 0 | Z23: =COUNTIFS($M$4:$N$23,Q23) -> 0 | AA23: =COUNTIFS($O$4:$O$23,Q23) -> 1 | AC23: 公共课室6 | AD23: 0 | AE23: 25 (1-25) | AF23: 1 (25) | AG23: 9 (16-24) | AH23: 18 (1-15、22-24) | AI23: 22 (1-21、25)
A24: 考务室：三楼报告厅1 提前30分钟到考务室签到 | Q24: 马嘉骏 | R24: =COUNTIFS($C$4:$O$23,Q24) -> 0 | S24: =+T24*150+U24*75+V24*120+W24*60+X24*165+Y24*60+Z24*120+AA24*60 -> 0 | T24: =COUNTIFS($C$4:$D$23,Q24) -> 0 | U24: =COUNTIFS($E$4:$F$23,Q24) -> 0 | V24: =COUNTIFS($G$4:$H$23,Q24) -> 0 | W24: =COUNTIFS($I$4:$I$23,Q24) -> 0 | X24: =COUNTIFS($J$4:$K$23,Q24) -> 0 | Y24: =COUNTIFS($L$4:$L$23,Q24) -> 0 | Z24: =COUNTIFS($M$4:$N$23,Q24) -> 0 | AA24: =COUNTIFS($O$4:$O$23,Q24) -> 0 | AC24: 总计 | AD24: 624 | AE24: 193 | AF24: 622 | AG24: 479 | AH24: 289 | AI24: 244
Q25: 陈映儿 | R25: =COUNTIFS($C$4:$O$23,Q25) -> 0 | S25: =+T25*150+U25*75+V25*120+W25*60+X25*165+Y25*60+Z25*120+AA25*60 -> 0 | T25: =COUNTIFS($C$4:$D$23,Q25) -> 0 | U25: =COUNTIFS($E$4:$F$23,Q25) -> 0 | V25: =COUNTIFS($G$4:$H$23,Q25) -> 0 | W25: =COUNTIFS($I$4:$I$23,Q25) -> 0 | X25: =COUNTIFS($J$4:$K$23,Q25) -> 0 | Y25: =COUNTIFS($L$4:$L$23,Q25) -> 0 | Z25: =COUNTIFS($M$4:$N$23,Q25) -> 0 | AA25: =COUNTIFS($O$4:$O$23,Q25) -> 0
Q26: 王菲飞 | R26: =COUNTIFS($C$4:$O$23,Q26) -> 1 | S26: =+T26*150+U26*75+V26*120+W26*60+X26*165+Y26*60+Z26*120+AA26*60 -> 60 | T26: =COUNTIFS($C$4:$D$23,Q26) -> 0 | U26: =COUNTIFS($E$4:$F$23,Q26) -> 0 | V26: =COUNTIFS($G$4:$H$23,Q26) -> 0 | W26: =COUNTIFS($I$4:$I$23,Q26) -> 1 | X26: =COUNTIFS($J$4:$K$23,Q26) -> 0 | Y26: =COUNTIFS($L$4:$L$23,Q26) -> 0 | Z26: =COUNTIFS($M$4:$N$23,Q26) -> 0 | AA26: =COUNTIFS($O$4:$O$23,Q26) -> 0
Q27: 梁洁楹 | R27: =COUNTIFS($C$4:$O$23,Q27) -> 0 | S27: =+T27*150+U27*75+V27*120+W27*60+X27*165+Y27*60+Z27*120+AA27*60 -> 0 | T27: =COUNTIFS($C$4:$D$23,Q27) -> 0 | U27: =COUNTIFS($E$4:$F$23,Q27) -> 0 | V27: =COUNTIFS($G$4:$H$23,Q27) -> 0 | W27: =COUNTIFS($I$4:$I$23,Q27) -> 0 | X27: =COUNTIFS($J$4:$K$23,Q27) -> 0 | Y27: =COUNTIFS($L$4:$L$23,Q27) -> 0 | Z27: =COUNTIFS($M$4:$N$23,Q27) -> 0 | AA27: =COUNTIFS($O$4:$O$23,Q27) -> 0
Q28: 陈美苑 | R28: =COUNTIFS($C$4:$O$23,Q28) -> 1 | S28: =+T28*150+U28*75+V28*120+W28*60+X28*165+Y28*60+Z28*120+AA28*60 -> 60 | T28: =COUNTIFS($C$4:$D$23,Q28) -> 0 | U28: =COUNTIFS($E$4:$F$23,Q28) -> 0 | V28: =COUNTIFS($G$4:$H$23,Q28) -> 0 | W28: =COUNTIFS($I$4:$I$23,Q28) -> 1 | X28: =COUNTIFS($J$4:$K$23,Q28) -> 0 | Y28: =COUNTIFS($L$4:$L$23,Q28) -> 0 | Z28: =COUNTIFS($M$4:$N$23,Q28) -> 0 | AA28: =COUNTIFS($O$4:$O$23,Q28) -> 0 | AD28: 4选2考试顺序
Q29: 蒋虹 | R29: =COUNTIFS($C$4:$O$23,Q29) -> 1 | S29: =+T29*150+U29*75+V29*120+W29*60+X29*165+Y29*60+Z29*120+AA29*60 -> 60 | T29: =COUNTIFS($C$4:$D$23,Q29) -> 0 | U29: =COUNTIFS($E$4:$F$23,Q29) -> 0 | V29: =COUNTIFS($G$4:$H$23,Q29) -> 0 | W29: =COUNTIFS($I$4:$I$23,Q29) -> 1 | X29: =COUNTIFS($J$4:$K$23,Q29) -> 0 | Y29: =COUNTIFS($L$4:$L$23,Q29) -> 0 | Z29: =COUNTIFS($M$4:$N$23,Q29) -> 0 | AA29: =COUNTIFS($O$4:$O$23,Q29) -> 0
Q30: 余晓娜 | R30: =COUNTIFS($C$4:$O$23,Q30) -> 0 | S30: =+T30*150+U30*75+V30*120+W30*60+X30*165+Y30*60+Z30*120+AA30*60 -> 0 | T30: =COUNTIFS($C$4:$D$23,Q30) -> 0 | U30: =COUNTIFS($E$4:$F$23,Q30) -> 0 | V30: =COUNTIFS($G$4:$H$23,Q30) -> 0 | W30: =COUNTIFS($I$4:$I$23,Q30) -> 0 | X30: =COUNTIFS($J$4:$K$23,Q30) -> 0 | Y30: =COUNTIFS($L$4:$L$23,Q30) -> 0 | Z30: =COUNTIFS($M$4:$N$23,Q30) -> 0 | AA30: =COUNTIFS($O$4:$O$23,Q30) -> 0 | AF30: 第一段 | AH30: 第二段
Q31: 王倩 | R31: =COUNTIFS($C$4:$O$23,Q31) -> 1 | S31: =+T31*150+U31*75+V31*120+W31*60+X31*165+Y31*60+Z31*120+AA31*60 -> 150 | T31: =COUNTIFS($C$4:$D$23,Q31) -> 1 | U31: =COUNTIFS($E$4:$F$23,Q31) -> 0 | V31: =COUNTIFS($G$4:$H$23,Q31) -> 0 | W31: =COUNTIFS($I$4:$I$23,Q31) -> 0 | X31: =COUNTIFS($J$4:$K$23,Q31) -> 0 | Y31: =COUNTIFS($L$4:$L$23,Q31) -> 0 | Z31: =COUNTIFS($M$4:$N$23,Q31) -> 0 | AA31: =COUNTIFS($O$4:$O$23,Q31) -> 0 | AD31: 1-11班 | AF31: 化学 | AH31: 生物
Q32: 谢晨阳 | R32: =COUNTIFS($C$4:$O$23,Q32) -> 1 | S32: =+T32*150+U32*75+V32*120+W32*60+X32*165+Y32*60+Z32*120+AA32*60 -> 60 | T32: =COUNTIFS($C$4:$D$23,Q32) -> 0 | U32: =COUNTIFS($E$4:$F$23,Q32) -> 0 | V32: =COUNTIFS($G$4:$H$23,Q32) -> 0 | W32: =COUNTIFS($I$4:$I$23,Q32) -> 1 | X32: =COUNTIFS($J$4:$K$23,Q32) -> 0 | Y32: =COUNTIFS($L$4:$L$23,Q32) -> 0 | Z32: =COUNTIFS($M$4:$N$23,Q32) -> 0 | AA32: =COUNTIFS($O$4:$O$23,Q32) -> 0 | AD32: 12-13班 | AF32: 化学 | AH32: 地理
Q33: 范南莺 | R33: =COUNTIFS($C$4:$O$23,Q33) -> 2 | S33: =+T33*150+U33*75+V33*120+W33*60+X33*165+Y33*60+Z33*120+AA33*60 -> 285 | T33: =COUNTIFS($C$4:$D$23,Q33) -> 0 | U33: =COUNTIFS($E$4:$F$23,Q33) -> 0 | V33: =COUNTIFS($G$4:$H$23,Q33) -> 0 | W33: =COUNTIFS($I$4:$I$23,Q33) -> 0 | X33: =COUNTIFS($J$4:$K$23,Q33) -> 1 | Y33: =COUNTIFS($L$4:$L$23,Q33) -> 0 | Z33: =COUNTIFS($M$4:$N$23,Q33) -> 1 | AA33: =COUNTIFS($O$4:$O$23,Q33) -> 0 | AD33: 14班 | AF33: 化学 | AH33: 政治
Q34: 罗雯雯 | R34: 请假 | S34: =+T34*150+U34*75+V34*120+W34*60+X34*165+Y34*60+Z34*120+AA34*60 -> 0 | T34: =COUNTIFS($C$4:$D$23,Q34) -> 0 | U34: =COUNTIFS($E$4:$F$23,Q34) -> 0 | V34: =COUNTIFS($G$4:$H$23,Q34) -> 0 | W34: =COUNTIFS($I$4:$I$23,Q34) -> 0 | X34: =COUNTIFS($J$4:$K$23,Q34) -> 0 | Y34: =COUNTIFS($L$4:$L$23,Q34) -> 0 | Z34: =COUNTIFS($M$4:$N$23,Q34) -> 0 | AA34: =COUNTIFS($O$4:$O$23,Q34) -> 0 | AD34: 15-公共4 | AF34: 地理 | AH34: 政治
Q35: 张妮 | R35: =COUNTIFS($C$4:$O$23,Q35) -> 1 | S35: =+T35*150+U35*75+V35*120+W35*60+X35*165+Y35*60+Z35*120+AA35*60 -> 120 | T35: =COUNTIFS($C$4:$D$23,Q35) -> 0 | U35: =COUNTIFS($E$4:$F$23,Q35) -> 0 | V35: =COUNTIFS($G$4:$H$23,Q35) -> 1 | W35: =COUNTIFS($I$4:$I$23,Q35) -> 0 | X35: =COUNTIFS($J$4:$K$23,Q35) -> 0 | Y35: =COUNTIFS($L$4:$L$23,Q35) -> 0 | Z35: =COUNTIFS($M$4:$N$23,Q35) -> 0 | AA35: =COUNTIFS($O$4:$O$23,Q35) -> 0 | AD35: 公5 | AF35: 化学（1-33） 生物（34-36） | AH35: 地理（1-17、34-35） 政治（18-28、36） 生物（29-33）
Q36: 张莉萍 | R36: =COUNTIFS($C$4:$O$23,Q36) -> 0 | S36: =+T36*150+U36*75+V36*120+W36*60+X36*165+Y36*60+Z36*120+AA36*60 -> 0 | T36: =COUNTIFS($C$4:$D$23,Q36) -> 0 | U36: =COUNTIFS($E$4:$F$23,Q36) -> 0 | V36: =COUNTIFS($G$4:$H$23,Q36) -> 0 | W36: =COUNTIFS($I$4:$I$23,Q36) -> 0 | X36: =COUNTIFS($J$4:$K$23,Q36) -> 0 | Y36: =COUNTIFS($L$4:$L$23,Q36) -> 0 | Z36: =COUNTIFS($M$4:$N$23,Q36) -> 0 | AA36: =COUNTIFS($O$4:$O$23,Q36) -> 0
Q37: 陈晓迪 | R37: =COUNTIFS($C$4:$O$23,Q37) -> 1 | S37: =+T37*150+U37*75+V37*120+W37*60+X37*165+Y37*60+Z37*120+AA37*60 -> 75 | T37: =COUNTIFS($C$4:$D$23,Q37) -> 0 | U37: =COUNTIFS($E$4:$F$23,Q37) -> 1 | V37: =COUNTIFS($G$4:$H$23,Q37) -> 0 | W37: =COUNTIFS($I$4:$I$23,Q37) -> 0 | X37: =COUNTIFS($J$4:$K$23,Q37) -> 0 | Y37: =COUNTIFS($L$4:$L$23,Q37) -> 0 | Z37: =COUNTIFS($M$4:$N$23,Q37) -> 0 | AA37: =COUNTIFS($O$4:$O$23,Q37) -> 0
Q38: 黄朝阳 | R38: =COUNTIFS($C$4:$O$23,Q38) -> 2 | S38: =+T38*150+U38*75+V38*120+W38*60+X38*165+Y38*60+Z38*120+AA38*60 -> 240 | T38: =COUNTIFS($C$4:$D$23,Q38) -> 0 | U38: =COUNTIFS($E$4:$F$23,Q38) -> 1 | V38: =COUNTIFS($G$4:$H$23,Q38) -> 0 | W38: =COUNTIFS($I$4:$I$23,Q38) -> 0 | X38: =COUNTIFS($J$4:$K$23,Q38) -> 1 | Y38: =COUNTIFS($L$4:$L$23,Q38) -> 0 | Z38: =COUNTIFS($M$4:$N$23,Q38) -> 0 | AA38: =COUNTIFS($O$4:$O$23,Q38) -> 0 | AD38: 公6 | AF38: 地理（1-15） 生物（16-24） 化学（25） | AH38: 政治（1-21） 地理（22-24） 政治（25）
Q39: 杨眉 | R39: =COUNTIFS($C$4:$O$23,Q39) -> 0 | S39: =+T39*150+U39*75+V39*120+W39*60+X39*165+Y39*60+Z39*120+AA39*60 -> 0 | T39: =COUNTIFS($C$4:$D$23,Q39) -> 0 | U39: =COUNTIFS($E$4:$F$23,Q39) -> 0 | V39: =COUNTIFS($G$4:$H$23,Q39) -> 0 | W39: =COUNTIFS($I$4:$I$23,Q39) -> 0 | X39: =COUNTIFS($J$4:$K$23,Q39) -> 0 | Y39: =COUNTIFS($L$4:$L$23,Q39) -> 0 | Z39: =COUNTIFS($M$4:$N$23,Q39) -> 0 | AA39: =COUNTIFS($O$4:$O$23,Q39) -> 0
Q40: 王玉发 | R40: =COUNTIFS($C$4:$O$23,Q40) -> 0 | S40: =+T40*150+U40*75+V40*120+W40*60+X40*165+Y40*60+Z40*120+AA40*60 -> 0 | T40: =COUNTIFS($C$4:$D$23,Q40) -> 0 | U40: =COUNTIFS($E$4:$F$23,Q40) -> 0 | V40: =COUNTIFS($G$4:$H$23,Q40) -> 0 | W40: =COUNTIFS($I$4:$I$23,Q40) -> 0 | X40: =COUNTIFS($J$4:$K$23,Q40) -> 0 | Y40: =COUNTIFS($L$4:$L$23,Q40) -> 0 | Z40: =COUNTIFS($M$4:$N$23,Q40) -> 0 | AA40: =COUNTIFS($O$4:$O$23,Q40) -> 0
Q41: 刘小洪 | R41: =COUNTIFS($C$4:$O$23,Q41) -> 0 | S41: =+T41*150+U41*75+V41*120+W41*60+X41*165+Y41*60+Z41*120+AA41*60 -> 0 | T41: =COUNTIFS($C$4:$D$23,Q41) -> 0 | U41: =COUNTIFS($E$4:$F$23,Q41) -> 0 | V41: =COUNTIFS($G$4:$H$23,Q41) -> 0 | W41: =COUNTIFS($I$4:$I$23,Q41) -> 0 | X41: =COUNTIFS($J$4:$K$23,Q41) -> 0 | Y41: =COUNTIFS($L$4:$L$23,Q41) -> 0 | Z41: =COUNTIFS($M$4:$N$23,Q41) -> 0 | AA41: =COUNTIFS($O$4:$O$23,Q41) -> 0
Q42: 蒋红 | R42: =COUNTIFS($C$4:$O$23,Q42) -> 1 | S42: =+T42*150+U42*75+V42*120+W42*60+X42*165+Y42*60+Z42*120+AA42*60 -> 150 | T42: =COUNTIFS($C$4:$D$23,Q42) -> 1 | U42: =COUNTIFS($E$4:$F$23,Q42) -> 0 | V42: =COUNTIFS($G$4:$H$23,Q42) -> 0 | W42: =COUNTIFS($I$4:$I$23,Q42) -> 0 | X42: =COUNTIFS($J$4:$K$23,Q42) -> 0 | Y42: =COUNTIFS($L$4:$L$23,Q42) -> 0 | Z42: =COUNTIFS($M$4:$N$23,Q42) -> 0 | AA42: =COUNTIFS($O$4:$O$23,Q42) -> 0
Q43: 钟日明 | R43: =COUNTIFS($C$4:$O$23,Q43) -> 0 | S43: =+T43*150+U43*75+V43*120+W43*60+X43*165+Y43*60+Z43*120+AA43*60 -> 0 | T43: =COUNTIFS($C$4:$D$23,Q43) -> 0 | U43: =COUNTIFS($E$4:$F$23,Q43) -> 0 | V43: =COUNTIFS($G$4:$H$23,Q43) -> 0 | W43: =COUNTIFS($I$4:$I$23,Q43) -> 0 | X43: =COUNTIFS($J$4:$K$23,Q43) -> 0 | Y43: =COUNTIFS($L$4:$L$23,Q43) -> 0 | Z43: =COUNTIFS($M$4:$N$23,Q43) -> 0 | AA43: =COUNTIFS($O$4:$O$23,Q43) -> 0
Q44: 张玉静 | R44: =COUNTIFS($C$4:$O$23,Q44) -> 0 | S44: =+T44*150+U44*75+V44*120+W44*60+X44*165+Y44*60+Z44*120+AA44*60 -> 0 | T44: =COUNTIFS($C$4:$D$23,Q44) -> 0 | U44: =COUNTIFS($E$4:$F$23,Q44) -> 0 | V44: =COUNTIFS($G$4:$H$23,Q44) -> 0 | W44: =COUNTIFS($I$4:$I$23,Q44) -> 0 | X44: =COUNTIFS($J$4:$K$23,Q44) -> 0 | Y44: =COUNTIFS($L$4:$L$23,Q44) -> 0 | Z44: =COUNTIFS($M$4:$N$23,Q44) -> 0 | AA44: =COUNTIFS($O$4:$O$23,Q44) -> 0
Q45: 孙静 | R45: =COUNTIFS($C$4:$O$23,Q45) -> 1 | S45: =+T45*150+U45*75+V45*120+W45*60+X45*165+Y45*60+Z45*120+AA45*60 -> 75 | T45: =COUNTIFS($C$4:$D$23,Q45) -> 0 | U45: =COUNTIFS($E$4:$F$23,Q45) -> 1 | V45: =COUNTIFS($G$4:$H$23,Q45) -> 0 | W45: =COUNTIFS($I$4:$I$23,Q45) -> 0 | X45: =COUNTIFS($J$4:$K$23,Q45) -> 0 | Y45: =COUNTIFS($L$4:$L$23,Q45) -> 0 | Z45: =COUNTIFS($M$4:$N$23,Q45) -> 0 | AA45: =COUNTIFS($O$4:$O$23,Q45) -> 0
Q46: 张芷欣 | R46: =COUNTIFS($C$4:$O$23,Q46) -> 2 | S46: =+T46*150+U46*75+V46*120+W46*60+X46*165+Y46*60+Z46*120+AA46*60 -> 225 | T46: =COUNTIFS($C$4:$D$23,Q46) -> 0 | U46: =COUNTIFS($E$4:$F$23,Q46) -> 0 | V46: =COUNTIFS($G$4:$H$23,Q46) -> 0 | W46: =COUNTIFS($I$4:$I$23,Q46) -> 1 | X46: =COUNTIFS($J$4:$K$23,Q46) -> 1 | Y46: =COUNTIFS($L$4:$L$23,Q46) -> 0 | Z46: =COUNTIFS($M$4:$N$23,Q46) -> 0 | AA46: =COUNTIFS($O$4:$O$23,Q46) -> 0
Q47: 侯文娟 | R47: =COUNTIFS($C$4:$O$23,Q47) -> 0 | S47: =+T47*150+U47*75+V47*120+W47*60+X47*165+Y47*60+Z47*120+AA47*60 -> 0 | T47: =COUNTIFS($C$4:$D$23,Q47) -> 0 | U47: =COUNTIFS($E$4:$F$23,Q47) -> 0 | V47: =COUNTIFS($G$4:$H$23,Q47) -> 0 | W47: =COUNTIFS($I$4:$I$23,Q47) -> 0 | X47: =COUNTIFS($J$4:$K$23,Q47) -> 0 | Y47: =COUNTIFS($L$4:$L$23,Q47) -> 0 | Z47: =COUNTIFS($M$4:$N$23,Q47) -> 0 | AA47: =COUNTIFS($O$4:$O$23,Q47) -> 0
Q48: 刘艳 | R48: =COUNTIFS($C$4:$O$23,Q48) -> 0 | S48: =+T48*150+U48*75+V48*120+W48*60+X48*165+Y48*60+Z48*120+AA48*60 -> 0 | T48: =COUNTIFS($C$4:$D$23,Q48) -> 0 | U48: =COUNTIFS($E$4:$F$23,Q48) -> 0 | V48: =COUNTIFS($G$4:$H$23,Q48) -> 0 | W48: =COUNTIFS($I$4:$I$23,Q48) -> 0 | X48: =COUNTIFS($J$4:$K$23,Q48) -> 0 | Y48: =COUNTIFS($L$4:$L$23,Q48) -> 0 | Z48: =COUNTIFS($M$4:$N$23,Q48) -> 0 | AA48: =COUNTIFS($O$4:$O$23,Q48) -> 0
Q49: 李智芳 | R49: =COUNTIFS($C$4:$O$23,Q49) -> 1 | S49: =+T49*150+U49*75+V49*120+W49*60+X49*165+Y49*60+Z49*120+AA49*60 -> 165 | T49: =COUNTIFS($C$4:$D$23,Q49) -> 0 | U49: =COUNTIFS($E$4:$F$23,Q49) -> 0 | V49: =COUNTIFS($G$4:$H$23,Q49) -> 0 | W49: =COUNTIFS($I$4:$I$23,Q49) -> 0 | X49: =COUNTIFS($J$4:$K$23,Q49) -> 1 | Y49: =COUNTIFS($L$4:$L$23,Q49) -> 0 | Z49: =COUNTIFS($M$4:$N$23,Q49) -> 0 | AA49: =COUNTIFS($O$4:$O$23,Q49) -> 0
Q50: 王帅 | R50: =COUNTIFS($C$4:$O$23,Q50) -> 1 | S50: =+T50*150+U50*75+V50*120+W50*60+X50*165+Y50*60+Z50*120+AA50*60 -> 60 | T50: =COUNTIFS($C$4:$D$23,Q50) -> 0 | U50: =COUNTIFS($E$4:$F$23,Q50) -> 0 | V50: =COUNTIFS($G$4:$H$23,Q50) -> 0 | W50: =COUNTIFS($I$4:$I$23,Q50) -> 1 | X50: =COUNTIFS($J$4:$K$23,Q50) -> 0 | Y50: =COUNTIFS($L$4:$L$23,Q50) -> 0 | Z50: =COUNTIFS($M$4:$N$23,Q50) -> 0 | AA50: =COUNTIFS($O$4:$O$23,Q50) -> 0
... Q53: 李嘉燕 | R53: =COUNTIFS($C$4:$O$23,Q53) -> 0 | S53: =+T53*150+U53*75+V53*120+W53*60+X53*165+Y53*60+Z53*120+AA53*60 -> 0 | T53: =COUNTIFS($C$4:$D$23,Q53) -> 0 | U53: =COUNTIFS($E$4:$F$23,Q53) -> 0 | V53: =COUNTIFS($G$4:$H$23,Q53) -> 0 | W53: =COUNTIFS($I$4:$I$23,Q53) -> 0 | X53: =COUNTIFS($J$4:$K$23,Q53) -> 0 | Y53: =COUNTIFS($L$4:$L$23,Q53) -> 0 | Z53: =COUNTIFS($M$4:$N$23,Q53) -> 0 | AA53: =COUNTIFS($O$4:$O$23,Q53) -> 0

Sheet 考务会议签到表（打印）
A1: =巡视!$A$1&"考务会议签到表" -> 2025-2026学年高二第一学期期中考考务会议签到表
A2: 姓名 | B2: 签到 | C2: 姓名 | D2: 签到
A3: 杨兵 | C3: 陈美苑
A4: 李宗蔚 | C4: 蒋虹
A5: 黄华 | C5: 余晓娜
A6: 林蕴瑜 | C6: 王倩
A7: 明珊珊 | C7: 谢晨阳
A8: 蒋思明 | C8: 范南莺
A9: 吕雪容 | C9: 罗雯雯
A10: 彭海影 | C10: 张妮
A11: 张光礼 | C11: 张莉萍
A12: 赵香甜 | C12: 陈晓迪
A13: 段蕴瑶 | C13: 黄朝阳
A14: 钟三明 | C14: 杨眉
... A28: 王菲飞 | C28: 李嘉燕
A29: 梁洁楹

Sheet 监考员签到表（打印）
A1: =巡视!$A$1&"监考员签到表" -> 2025-2026学年高二第一学期期中考监考员签到表 | Q1: =巡视!$A$1&"监考员签到表" -> 2025-2026学年高二第一学期期中考监考员签到表
A2: 试室 | B2: 人数 | C2: =监考安排!C2 -> 11月5日（周三） | Q2: 试室 | R2: 人数 | S2: =监考安排!J2 -> 11月6日（周四）
C3: =监考安排!C3 -> 8:00-10:30 语文 | E3: 签到 | G3: =监考安排!E3 -> 11:00-12:15 物理/历史 | I3: 签到 | K3: =监考安排!G3 -> 14:30-16:30 数学 | M3: 签到 | O3: =监考安排!I3 -> 17:00-18:00 政治学考 | P3: 签到 | S3: =监考安排!J3 -> 8:00-10:45 4选2 | U3: 签到 | W3: =监考安排!L3 -> 11:15-12:15 自习 | X3: 签到 | Y3: =监考安排!M3 -> 14:30-16:30 英语 | AA3: 签到 | AC3: =监考安排!O3 -> 17:00-18:00 物理学考 | AD3: 签到
A4: =监考安排!A4 -> 高二1班 | B4: =监考安排!B4 -> 42 | C4: =监考安排!C4 -> 蒋思明 | D4: =监考安排!D4 -> 吕雪容 | G4: =监考安排!E4 -> 杨眉 | H4: =监考安排!F4 -> 张馨予 | K4: =监考安排!G4 -> 郑婉慧 | L4: =监考安排!H4 -> 黄朝阳 | O4: =监考安排!I4 -> 陈美苑 | Q4: =监考安排!A4 -> 高二1班 | R4: =监考安排!B4 -> 42 | S4: =监考安排!J4 -> 张莉萍 | T4: =监考安排!K4 -> 杨眉 | W4: =监考安排!L4 -> 杨眉 | Y4: =监考安排!M4 -> 陈晓迪 | Z4: =监考安排!N4 -> 黄朝阳 | AC4: =监考安排!O4 -> 马嘉骏
A5: =监考安排!A5 -> 高二2班 | B5: =监考安排!B5 -> 42 | C5: =监考安排!C5 -> 王倩 | G5: =监考安排!E5 -> 李昕雨 | K5: =监考安排!G5 -> 王玉发 | O5: =监考安排!I5 -> 王菲飞 | Q5: =监考安排!A5 -> 高二2班 | R5: =监考安排!B5 -> 42 | S5: =监考安排!J5 -> 余晓娜 | W5: =监考安排!L5 -> 李智芳 | Y5: =监考安排!M5 -> 王玉发 | AC5: =监考安排!O5 -> 陈映儿
A6: =监考安排!A6 -> 高二3班 | B6: =监考安排!B6 -> 42 | C6: =监考安排!C6 -> 马嘉骏 | D6: =监考安排!D6 -> 张光礼 | G6: =监考安排!E6 -> 王昕 | H6: =监考安排!F6 -> 李嘉燕 | K6: =监考安排!G6 -> 刘小洪 | L6: =监考安排!H6 -> 蒋红 | O6: =监考安排!I6 -> 蒋思明 | Q6: =监考安排!A6 -> 高二3班 | R6: =监考安排!B6 -> 42 | S6: =监考安排!J6 -> 王倩 | T6: =监考安排!K6 -> 谢晨阳 | W6: =监考安排!L6 -> 张莉萍 | Y6: =监考安排!M6 -> 刘小洪 | Z6: =监考安排!N6 -> 蒋红 | AC6: =监考安排!O6 -> 明珊珊
A7: =监考安排!A7 -> 高二4班 | B7: =监考安排!B7 -> 42 | C7: =监考安排!C7 -> 余晓娜 | G7: =监考安排!E7 -> 王海劲 | K7: =监考安排!G7 -> 钟日明 | O7: =监考安排!I7 -> 吕雪容 | Q7: =监考安排!A7 -> 高二4班 | R7: =监考安排!B7 -> 42 | S7: =监考安排!J7 -> 李智芳 | W7: =监考安排!L7 -> 张馨予 | Y7: =监考安排!M7 -> 钟日明 | AC7: =监考安排!O7 -> 梁洁楹
A8: =监考安排!A8 -> 高二5班 | B8: =监考安排!B8 -> 42 | C8: =监考安排!C8 -> 林蕴瑜 | D8: =监考安排!D8 -> 谢晨阳 | G8: =监考安排!E8 -> 李镇国 | H8: =监考安排!F8 -> 马嘉骏 | K8: =监考安排!G8 -> 钟三明 | L8: =监考安排!H8 -> 张玉静 | O8: =监考安排!I8 -> 彭海影 | Q8: =监考安排!A8 -> 高二5班 | R8: =监考安排!B8 -> 42 | S8: =监考安排!J8 -> 张馨予 | T8: =监考安排!K8 -> 李昕雨 | W8: =监考安排!L8 -> 李昕雨 | Y8: =监考安排!M8 -> 张玉静 | Z8: =监考安排!N8 -> 孙静 | AC8: =监考安排!O8 -> 林蕴瑜
A9: =监考安排!A9 -> 高二6班 | B9: =监考安排!B9 -> 42 | C9: =监考安排!C9 -> 范南莺 | G9: =监考安排!E9 -> 林蕴瑜 | K9: =监考安排!G9 -> 孙静 | O9: =监考安排!I9 -> 李昕雨 | Q9: =监考安排!A9 -> 高二6班 | R9: =监考安排!B9 -> 42 | S9: =监考安排!J9 -> 李嘉燕 | W9: =监考安排!L9 -> 李嘉燕 | Y9: =监考安排!M9 -> 许业琳 | AC9: =监考安排!O9 -> 许业琳
A10: =监考安排!A10 -> 高二7班 | B10: =监考安排!B10 -> 42 | C10: =监考安排!C10 -> 周罗洁 | D10: =监考安排!D10 -> 张莉萍 | G10: =监考安排!E10 -> 明珊珊 | H10: =监考安排!F10 -> 贺育林 | K10: =监考安排!G10 -> 贺育林 | L10: =监考安排!H10 -> 黄楚琪 | O10: =监考安排!I10 -> 赵香甜 | Q10: =监考安排!A10 -> 高二7班 | R10: =监考安排!B10 -> 42 | S10: =监考安排!J10 -> 陈映儿 | T10: =监考安排!K10 -> 王菲飞 | W10: =监考安排!L10 -> 林蕴瑜 | Y10: =监考安排!M10 -> 侯文娟 | Z10: =监考安排!N10 -> 刘艳 | AC10: =监考安排!O10 -> 余晓娜
A11: =监考安排!A11 -> 高二8班 | B11: =监考安排!B11 -> 42 | C11: =监考安排!C11 -> 赵香甜 | G11: =监考安排!E11 -> 黄楚琪 | K11: =监考安排!G11 -> 许业琳 | O11: =监考安排!I11 -> 段蕴瑶 | Q11: =监考安排!A11 -> 高二8班 | R11: =监考安排!B11 -> 42 | S11: =监考安排!J11 -> 张妮 | W11: =监考安排!L11 -> 明珊珊 | Y11: =监考安排!M11 -> 范南莺 | AC11: =监考安排!O11 -> 王倩
A12: =监考安排!A12 -> 高二9班 | B12: =监考安排!B12 -> 42 | C12: =监考安排!C12 -> 段蕴瑶 | D12: =监考安排!D12 -> 杨眉 | G12: =监考安排!E12 -> 许业琳 | H12: =监考安排!F12 -> 余晓娜 | K12: =监考安排!G12 -> 陈坚 | L12: =监考安排!H12 -> 刘良桂 | O12: =监考安排!I12 -> 钟三明 | Q12: =监考安排!A12 -> 高二9班 | R12: =监考安排!B12 -> 42 | S12: =监考安排!J12 -> 梁洁楹 | T12: =监考安排!K12 -> 陈美苑 | W12: =监考安排!L12 -> 蒋思明 | Y12: =监考安排!M12 -> 王菲飞 | Z12: =监考安排!N12 -> 王帅 | AC12: =监考安排!O12 -> 谢晨阳
A13: =监考安排!A13 -> 高二10班 | B13: =监考安排!B13 -> 42 | C13: =监考安排!C13 -> 曹芳 | G13: =监考安排!E13 -> 王倩 | K13: =监考安排!G13 -> 张妮 | O13: =监考安排!I13 -> 曹芳 | Q13: =监考安排!A13 -> 高二10班 | R13: =监考安排!B13 -> 42 | S13: =监考安排!J13 -> 蒋虹 | W13: =监考安排!L13 -> 吕雪容 | Y13: =监考安排!M13 -> 明珊珊 | AC13: =监考安排!O13 -> 范南莺
A14: =监考安排!A14 -> 高二11班 | B14: =监考安排!B14 -> 42 | C14: =监考安排!C14 -> 郑婉慧 | D14: =监考安排!D14 -> 贺育林 | G14: =监考安排!E14 -> 郑婉慧 | H14: =监考安排!F14 -> 陈晓迪 | K14: =监考安排!G14 -> 李镇国 | L14: =监考安排!H14 -> 王昕 | O14: =监考安排!I14 -> 刘良桂 | Q14: =监考安排!A14 -> 高二11班 | R14: =监考安排!B14 -> 42 | S14: =监考安排!J14 -> 陈晓迪 | T14: =监考安排!K14 -> 范南莺 | W14: =监考安排!L14 -> 彭海影 | Y14: =监考安排!M14 -> 陈映儿 | Z14: =监考安排!N14 -> 林蕴瑜 | AC14: =监考安排!O14 -> 彭海影
A15: =监考安排!A15 -> 高二12班 | B15: =监考安排!B15 -> 42 | C15: =监考安排!C15 -> 黄楚琪 | G15: =监考安排!E15 -> 张妮 | K15: =监考安排!G15 -> 吕雪容 | O15: =监考安排!I15 -> 贺育林 | Q15: =监考安排!A15 -> 高二12班 | R15: =监考安排!B15 -> 42 | S15: =监考安排!J15 -> 钟三明 | W15: =监考安排!L15 -> 王昕 | Y15: =监考安排!M15 -> 彭海影 | AC15: =监考安排!O15 -> 张妮
A16: =监考安排!A16 -> 高二13班 | B16: =监考安排!B16 -> 42 | C16: =监考安排!C16 -> 蒋红 | D16: =监考安排!D16 -> 孙静 | G16: =监考安排!E16 -> 张莉萍 | H16: =监考安排!F16 -> 蒋思明 | K16: =监考安排!G16 -> 李昕雨 | L16: =监考安排!H16 -> 陈映儿 | O16: =监考安排!I16 -> 黄楚琪 | Q16: =监考安排!A16 -> 高二13班 | R16: =监考安排!B16 -> 42 | S16: =监考安排!J16 -> 王玉发 | T16: =监考安排!K16 -> 刘小洪 | W16: =监考安排!L16 -> 赵香甜 | Y16: =监考安排!M16 -> 张光礼 | Z16: =监考安排!N16 -> 赵香甜 | AC16: =监考安排!O16 -> 周罗洁
A17: =监考安排!A17 -> 高二14班 | B17: =监考安排!B17 -> 42 | C17: =监考安排!C17 -> 张芷欣 | G17: =监考安排!E17 -> 吕雪容 | K17: =监考安排!G17 -> 王菲飞 | O17: =监考安排!I17 -> 蒋虹 | Q17: =监考安排!A17 -> 高二14班 | R17: =监考安排!B17 -> 42 | S17: =监考安排!J17 -> 张芷欣 | W17: =监考安排!L17 -> 段蕴瑶 | Y17: =监考安排!M17 -> 段蕴瑶 | AC17: =监考安排!O17 -> 李镇国
A18: =监考安排!A18 -> 高二15班 | B18: =监考安排!B18 -> 42 | C18: =监考安排!C18 -> 侯文娟 | D18: =监考安排!D18 -> 刘艳 | G18: =监考安排!E18 -> 孙静 | H18: =监考安排!F18 -> 张光礼 | K18: =监考安排!G18 -> 梁洁楹 | L18: =监考安排!H18 -> 陈美苑 | O18: =监考安排!I18 -> 张芷欣 | Q18: =监考安排!A18 -> 高二15班 | R18: =监考安排!B18 -> 42 | S18: =监考安排!J18 -> 钟日明 | T18: =监考安排!K18 -> 张玉静 | W18: =监考安排!L18 -> 张妮 | Y18: =监考安排!M18 -> 钟三明 | Z18: =监考安排!N18 -> 曹芳 | AC18: =监考安排!O18 -> 陈坚
A19: =监考安排!A19 -> 高二16班 | B19: =监考安排!B19 -> 42 | C19: =监考安排!C19 -> 李智芳 | G19: =监考安排!E19 -> 赵香甜 | K19: =监考安排!G19 -> 蒋虹 | O19: =监考安排!I19 -> 谢晨阳 | Q19: =监考安排!A19 -> 高二16班 | R19: =监考安排!B19 -> 42 | S19: =监考安排!J19 -> 陈坚 | W19: =监考安排!L19 -> 曹芳 | Y19: =监考安排!M19 -> 刘良桂 | AC19: =监考安排!O19 -> 王玉发
A20: =监考安排!A20 -> 公共课室3 | B20: =监考安排!B20 -> 42 | C20: =监考安排!C20 -> 王帅 | D20: =监考安排!D20 -> 张馨予 | G20: =监考安排!E20 -> 段蕴瑶 | H20: =监考安排!F20 -> 曹芳 | K20: =监考安排!G20 -> 张芷欣 | L20: =监考安排!H20 -> 侯文娟 | O20: =监考安排!I20 -> 王帅 | Q20: =监考安排!A20 -> 公共课室3 | R20: =监考安排!B20 -> 42 | S20: =监考安排!J20 -> 黄朝阳 | T20: =监考安排!K20 -> 周罗洁 | W20: =监考安排!L20 -> 刘良桂 | Y20: =监考安排!M20 -> 梁洁楹 | Z20: =监考安排!N20 -> 陈美苑 | AC20: =监考安排!O20 -> 刘小洪
A21: =监考安排!A21 -> 公共课室4 | B21: =监考安排!B21 -> 42 | C21: =监考安排!C21 -> 彭海影 | G21: =监考安排!E21 -> 刘良桂 | K21: =监考安排!G21 -> 刘艳 | O21: =监考安排!I21 -> 王昕 | Q21: =监考安排!A21 -> 公共课室4 | R21: =监考安排!B21 -> 42 | S21: =监考安排!J21 -> 王昕 | W21: =监考安排!L21 -> 贺育林 | Y21: =监考安排!M21 -> 蒋虹 | AC21: =监考安排!O21 -> 蒋红
A22: =监考安排!A22 -> 公共课室5 | B22: =监考安排!B22 -> 36 | C22: =监考安排!C22 -> 明珊珊 | D22: =监考安排!D22 -> 李嘉燕 | G22: =监考安排!E22 -> 黄朝阳 | H22: =监考安排!F22 -> 侯文娟 | K22: =监考安排!G22 -> 李智芳 | L22: =监考安排!H22 -> 蒋思明 | O22: =监考安排!I22 -> 王海劲 | Q22: =监考安排!A22 -> 公共课室5 | R22: =监考安排!B22 -> 36 | S22: =监考安排!J22 -> 王海劲 | T22: =监考安排!K22 -> 李镇国 | W22: =监考安排!L22 -> 黄楚琪 | Y22: =监考安排!M22 -> 陈坚 | Z22: =监考安排!N22 -> 郑婉慧 | AC22: =监考安排!O22 -> 钟日明
A23: =监考安排!A23 -> 公共课室6 | B23: =监考安排!B23 -> 25 | C23: =监考安排!C23 -> 王海劲 | G23: =监考安排!E23 -> 刘艳 | K23: =监考安排!G23 -> 王帅 | O23: =监考安排!I23 -> 李镇国 | Q23: =监考安排!A23 -> 公共课室6 | R23: =监考安排!B23 -> 25 | S23: =监考安排!J23 -> 马嘉骏 | W23: =监考安排!L23 -> 许业琳 | Y23: =监考安排!M23 -> 周罗洁 | AC23: =监考安排!O23 -> 张玉静

Sheet 学生编排结果
A1: 考号 | B1: 姓名 | C1: 性别 | D1: 选科 | E1: 班级 | F1: 学号 | G1: 考场号 | H1: 考场 | I1: 座位号 | J1: 考场选科组合 | K1: 首选 | L1: 选科1 | M1: 选科2
A2: 243800701 | B2: 王思尹 | C2: 女 | D2: 物化生 | E2: 7 | F2: 1 | G2: 001 | H2: 高二1班 | I2: 01 | J2: 物化生 | K2: 物理 | L2: 化学 | M2: 生物
A3: 243800302 | B3: 王梓涵 | C3: 女 | D3: 物化生 | E3: 3 | F3: 2 | G3: 001 | H3: 高二1班 | I3: 02 | J3: 物化生 | K3: 物理 | L3: 化学 | M3: 生物
A4: 243800851 | B4: 戴子洋 | C4: 男 | D4: 物化生 | E4: 8 | F4: 51 | G4: 001 | H4: 高二1班 | I4: 03 | J4: 物化生 | K4: 物理 | L4: 化学 | M4: 生物
A5: 243800518 | B5: 李怡菲 | C5: 女 | D5: 物化生 | E5: 5 | F5: 18 | G5: 001 | H5: 高二1班 | I5: 04 | J5: 物化生 | K5: 物理 | L5: 化学 | M5: 生物
A6: 243800532 | B6: 陈芷琪 | C6: 女 | D6: 物化生 | E6: 5 | F6: 32 | G6: 001 | H6: 高二1班 | I6: 05 | J6: 物化生 | K6: 物理 | L6: 化学 | M6: 生物
A7: 243800817 | B7: 吴欣华 | C7: 男 | D7: 物化生 | E7: 8 | F7: 17 | G7: 001 | H7: 高二1班 | I7: 06 | J7: 物化生 | K7: 物理 | L7: 化学 | M7: 生物
A8: 243800406 | B8: 吕弦泽 | C8: 男 | D8: 物化生 | E8: 4 | F8: 6 | G8: 001 | H8: 高二1班 | I8: 07 | J8: 物化生 | K8: 物理 | L8: 化学 | M8: 生物
A9: 243800526 | B9: 张子涵 | C9: 男 | D9: 物化生 | E9: 5 | F9: 26 | G9: 001 | H9: 高二1班 | I9: 08 | J9: 物化生 | K9: 物理 | L9: 化学 | M9: 生物
A10: 243800408 | B10: 庄灿铭 | C10: 男 | D10: 物化生 | E10: 4 | F10: 8 | G10: 001 | H10: 高二1班 | I10: 09 | J10: 物化生 | K10: 物理 | L10: 化学 | M10: 生物
A11: 243800916 | B11: 李玄熙 | C11: 男 | D11: 物化生 | E11: 9 | F11: 16 | G11: 001 | H11: 高二1班 | I11: 10 | J11: 物化生 | K11: 物理 | L11: 化学 | M11: 生物
A12: 243800849 | B12: 赖欣彤 | C12: 女 | D12: 物化生 | E12: 8 | F12: 49 | G12: 001 | H12: 高二1班 | I12: 11 | J12: 物化生 | K12: 物理 | L12: 化学 | M12: 生物
A13: 243800136 | B13: 侯铨睿 | C13: 男 | D13: 物化生 | E13: 1 | F13: 36 | G13: 001 | H13: 高二1班 | I13: 12 | J13: 物化生 | K13: 物理 | L13: 化学 | M13: 生物
... A818: 243801404 | B818: 冯浩轩 | C818: 男 | D818: 史化政 | E818: 14 | F818: 4 | G818: 020 | H818: 公共课室6 | I818: 25 | J818: 史化政, 史地生, 史政地, 史政生 | K818: 历史 | L818: 化学 | M818: 政治

Sheet 班级（打印）
A1: =巡视!$A$1&"座位安排-班级" -> 2025-2026学年高二第一学期期中考座位安排-班级
A2: 班级 | B2: 学号 | C2: 姓名 | D2: 考号 | E2: 类别 | F2: 选1 | G2: 选2 | H2: 考场 | I2: 考场号 | J2: 座位
A3: 1 | B3: 1 | C3: 马悦程 | D3: 243800101 | E3: 物理 | F3: 化学 | G3: 生物 | H3: 高二8班 | I3: 008 | J3: 29
A4: 1 | B4: 2 | C4: 王煜安 | D4: 243800102 | E4: 物理 | F4: 化学 | G4: 生物 | H4: 高二8班 | I4: 008 | J4: 13
A5: 1 | B5: 3 | C5: 邓俊毅 | D5: 243800103 | E5: 物理 | F5: 化学 | G5: 生物 | H5: 高二11班 | I5: 011 | J5: 17
A6: 1 | B6: 4 | C6: 朱钧杰 | D6: 243800104 | E6: 物理 | F6: 化学 | G6: 生物 | H6: 高二6班 | I6: 006 | J6: 28
A7: 1 | B7: 5 | C7: 刘羽淇 | D7: 243800105 | E7: 物理 | F7: 化学 | G7: 生物 | H7: 高二9班 | I7: 009 | J7: 24
A8: 1 | B8: 6 | C8: 刘芷晴 | D8: 243800106 | E8: 物理 | F8: 化学 | G8: 生物 | H8: 高二5班 | I8: 005 | J8: 26
A9: 1 | B9: 7 | C9: 刘思毅 | D9: 243800107 | E9: 物理 | F9: 化学 | G9: 生物 | H9: 高二9班 | I9: 009 | J9: 20
A10: 1 | B10: 8 | C10: 刘笑羽 | D10: 243800108 | E10: 物理 | F10: 化学 | G10: 生物 | H10: 高二2班 | I10: 002 | J10: 29
A11: 1 | B11: 9 | C11: 刘铭泓 | D11: 243800109 | E11: 物理 | F11: 化学 | G11: 生物 | H11: 高二8班 | I11: 008 | J11: 20
A12: 1 | B12: 10 | C12: 刘博思 | D12: 243800110 | E12: 物理 | F12: 化学 | G12: 生物 | H12: 公共课室5 | I12: 019 | J12: 31
A13: 1 | B13: 11 | C13: 孙奥奇 | D13: 243800111 | E13: 物理 | F13: 化学 | G13: 生物 | H13: 高二1班 | I13: 001 | J13: 42
A14: 1 | B14: 12 | C14: 李国邦 | D14: 243800112 | E14: 物理 | F14: 化学 | G14: 生物 | H14: 高二10班 | I14: 010 | J14: 37
... A52: 1 | B52: 52 | C52: 潘盈睿 | D52: 243800152 | E52: 物理 | F52: 化学 | G52: 生物 | H52: 高二10班 | I52: 010 | J52: 07
A53: 1 计数 | C53: =SUBTOTAL(3,C3:C52) -> 50
A54: 2 | B54: 1 | C54: 牛丙茏 | D54: 243800201 | E54: 物理 | F54: 化学 | G54: 生物 | H54: 高二3班 | I54: 003 | J54: 28
A55: 2 | B55: 2 | C55: 文哲浩 | D55: 243800202 | E55: 物理 | F55: 化学 | G55: 生物 | H55: 高二6班 | I55: 006 | J55: 38
A56: 2 | B56: 3 | C56: 左承希 | D56: 243800203 | E56: 物理 | F56: 化学 | G56: 生物 | H56: 高二2班 | I56: 002 | J56: 02
A57: 2 | B57: 4 | C57: 邝炜皓 | D57: 243800204 | E57: 物理 | F57: 化学 | G57: 生物 | H57: 高二2班 | I57: 002 | J57: 10
A58: 2 | B58: 5 | C58: 邝慧怡 | D58: 243800205 | E58: 物理 | F58: 化学 | G58: 生物 | H58: 高二7班 | I58: 007 | J58: 20
A59: 2 | B59: 6 | C59: 吕展航 | D59: 243800206 | E59: 物理 | F59: 化学 | G59: 生物 | H59: 高二9班 | I59: 009 | J59: 16
A60: 2 | B60: 7 | C60: 伦熙然 | D60: 243800207 | E60: 物理 | F60: 化学 | G60: 生物 | H60: 高二4班 | I60: 004 | J60: 01
A61: 2 | B61: 8 | C61: 刘杰钒 | D61: 243800208 | E61: 物理 | F61: 化学 | G61: 生物 | H61: 高二7班 | I61: 007 | J61: 25
A62: 2 | B62: 9 | C62: 刘奕 | D62: 243800209 | E62: 物理 | F62: 化学 | G62: 生物 | H62: 高二11班 | I62: 011 | J62: 39
A63: 2 | B63: 10 | C63: 许俊丞 | D63: 243800210 | E63: 物理 | F63: 化学 | G63: 生物 | H63: 高二3班 | I63: 003 | J63: 35
A64: 2 | B64: 11 | C64: 孙海文 | D64: 243800211 | E64: 物理 | F64: 化学 | G64: 生物 | H64: 高二1班 | I64: 001 | J64: 31
A65: 2 | B65: 12 | C65: 苏子量 | D65: 243800212 | E65: 物理 | F65: 化学 | G65: 生物 | H65: 高二1班 | I65: 001 | J65: 23
... A105: 2 | B105: 52 | C105: 魏铭圳 | D105: 243800252 | E105: 物理 | F105: 化学 | G105: 生物 | H105: 高二5班 | I105: 005 | J105: 27
A106: 2 计数 | C106: =SUBTOTAL(3,C54:C105) -> 52
A107: 3 | B107: 1 | C107: 王凌宇 | D107: 243800301 | E107: 物理 | F107: 化学 | G107: 生物 | H107: 高二7班 | I107: 007 | J107: 03
A108: 3 | B108: 2 | C108: 王梓涵 | D108: 243800302 | E108: 物理 | F108: 化学 | G108: 生物 | H108: 高二1班 | I108: 001 | J108: 02
A109: 3 | B109: 3 | C109: 王梓晴 | D109: 243800303 | E109: 物理 | F109: 化学 | G109: 生物 | H109: 高二3班 | I109: 003 | J109: 06
A110: 3 | B110: 4 | C110: 王雅茜 | D110: 243800304 | E110: 物理 | F110: 化学 | G110: 生物 | H110: 高二7班 | I110: 007 | J110: 10
A111: 3 | B111: 5 | C111: 王祺乐 | D111: 243800305 | E111: 物理 | F111: 化学 | G111: 生物 | H111: 高二1班 | I111: 001 | J111: 22
A112: 3 | B112: 6 | C112: 孔维科 | D112: 243800306 | E112: 物理 | F112: 化学 | G112: 生物 | H112: 高二3班 | I112: 003 | J112: 37
A113: 3 | B113: 7 | C113: 邓盛渊 | D113: 243800307 | E113: 物理 | F113: 化学 | G113: 生物 | H113: 高二5班 | I113: 005 | J113: 34
A114: 3 | B114: 8 | C114: 刘灿森 | D114: 243800308 | E114: 物理 | F114: 化学 | G114: 生物 | H114: 高二9班 | I114: 009 | J114: 05
A115: 3 | B115: 9 | C115: 刘启锋 | D115: 243800309 | E115: 物理 | F115: 化学 | G115: 生物 | H115: 高二4班 | I115: 004 | J115: 40
A116: 3 | B116: 10 | C116: 刘炜鹏 | D116: 243800310 | E116: 物理 | F116: 化学 | G116: 生物 | H116: 高二5班 | I116: 005 | J116: 01
A117: 3 | B117: 11 | C117: 刘梓睿 | D117: 243800311 | E117: 物理 | F117: 化学 | G117: 生物 | H117: 高二4班 | I117: 004 | J117: 30
A118: 3 | B118: 12 | C118: 汤姊瑶 | D118: 243800312 | E118: 物理 | F118: 化学 | G118: 生物 | H118: 高二6班 | I118: 006 | J118: 11
... A159: 3 | B159: 53 | C159: 江宇宸 | D159: 243800353 | E159: 物理 | F159: 化学 | G159: 生物 | H159: 高二7班 | I159: 007 | J159: 02
A160: 3 计数 | C160: =SUBTOTAL(3,C107:C159) -> 53
A161: 4 | B161: 1 | C161: 尹康 | D161: 243800401 | E161: 物理 | F161: 化学 | G161: 生物 | H161: 高二2班 | I161: 002 | J161: 37
A162: 4 | B162: 2 | C162: 甘梓轩 | D162: 243800402 | E162: 物理 | F162: 化学 | G162: 生物 | H162: 高二10班 | I162: 010 | J162: 29
A163: 4 | B163: 3 | C163: 卢滢滢 | D163: 243800403 | E163: 物理 | F163: 化学 | G163: 生物 | H163: 高二9班 | I163: 009 | J163: 19
A164: 4 | B164: 4 | C164: 叶芷纤 | D164: 243800404 | E164: 物理 | F164: 化学 | G164: 生物 | H164: 高二1班 | I164: 001 | J164: 19
A165: 4 | B165: 5 | C165: 史梓澎 | D165: 243800405 | E165: 物理 | F165: 化学 | G165: 生物 | H165: 公共课室5 | I165: 019 | J165: 32
A166: 4 | B166: 6 | C166: 吕弦泽 | D166: 243800406 | E166: 物理 | F166: 化学 | G166: 生物 | H166: 高二1班 | I166: 001 | J166: 07
A167: 4 | B167: 7 | C167: 伍丰泽 | D167: 243800407 | E167: 物理 | F167: 化学 | G167: 生物 | H167: 高二9班 | I167: 009 | J167: 36
A168: 4 | B168: 8 | C168: 庄灿铭 | D168: 243800408 | E168: 物理 | F168: 化学 | G168: 生物 | H168: 高二1班 | I168: 001 | J168: 09
A169: 4 | B169: 9 | C169: 刘欣怡 | D169: 243800409 | E169: 物理 | F169: 化学 | G169: 生物 | H169: 高二3班 | I169: 003 | J169: 15
A170: 4 | B170: 10 | C170: 刘俊龙 | D170: 243800410 | E170: 物理 | F170: 化学 | G170: 生物 | H170: 高二1班 | I170: 001 | J170: 40
A171: 4 | B171: 11 | C171: 刘奕铭 | D171: 243800411 | E171: 物理 | F171: 化学 | G171: 生物 | H171: 高二8班 | I171: 008 | J171: 27
A172: 4 | B172: 12 | C172: 刘祚广 | D172: 243800412 | E172: 物理 | F172: 化学 | G172: 生物 | H172: 高二5班 | I172: 005 | J172: 30
... A212: 4 | B212: 52 | C212: 潘俊宇 | D212: 243800452 | E212: 物理 | F212: 化学 | G212: 生物 | H212: 高二10班 | I212: 010 | J212: 04
A213: 4 计数 | C213: =SUBTOTAL(3,C161:C212) -> 52
A214: 5 | B214: 1 | C214: 王以涵 | D214: 243800501 | E214: 物理 | F214: 化学 | G214: 生物 | H214: 高二5班 | I214: 005 | J214: 23
A215: 5 | B215: 2 | C215: 王涵 | D215: 243800502 | E215: 物理 | F215: 化学 | G215: 生物 | H215: 高二11班 | I215: 011 | J215: 24
A216: 5 | B216: 3 | C216: 王嘉莹 | D216: 243800503 | E216: 物理 | F216: 化学 | G216: 生物 | H216: 高二8班 | I216: 008 | J216: 32
A217: 5 | B217: 4 | C217: 邓高照 | D217: 243800504 | E217: 物理 | F217: 化学 | G217: 生物 | H217: 高二3班 | I217: 003 | J217: 29
A218: 5 | B218: 5 | C218: 邓璞 | D218: 243800505 | E218: 物理 | F218: 化学 | G218: 生物 | H218: 高二4班 | I218: 004 | J218: 13
A219: 5 | B219: 6 | C219: 石钰婷 | D219: 243800506 | E219: 物理 | F219: 化学 | G219: 生物 | H219: 高二4班 | I219: 004 | J219: 12
A220: 5 | B220: 7 | C220: 卢炜杰 | D220: 243800507 | E220: 物理 | F220: 化学 | G220: 生物 | H220: 高二4班 | I220: 004 | J220: 14
A221: 5 | B221: 8 | C221: 白晞业 | D221: 243800508 | E221: 物理 | F221: 化学 | G221: 生物 | H221: 高二6班 | I221: 006 | J221: 34
A222: 5 | B222: 9 | C222: 朱永基 | D222: 243800509 | E222: 物理 | F222: 化学 | G222: 生物 | H222: 高二7班 | I222: 007 | J222: 08
A223: 5 | B223: 10 | C223: 刘延欢 | D223: 243800510 | E223: 物理 | F223: 化学 | G223: 生物 | H223: 公共课室5 | I223: 019 | J223: 33
A224: 5 | B224: 11 | C224: 刘亲杨 | D224: 243800511 | E224: 物理 | F224: 化学 | G224: 生物 | H224: 高二8班 | I224: 008 | J224: 17
A225: 5 | B225: 12 | C225: 刘骐睿 | D225: 243800512 | E225: 物理 | F225: 化学 | G225: 生物 | H225: 高二1班 | I225: 001 | J225: 13
... A265: 5 | B265: 53 | C265: 李伟尧 | D265: 243800553 | E265: 物理 | F265: 化学 | G265: 生物 | H265: 高二4班 | I265: 004 | J265: 25
A266: 5 计数 | C266: =SUBTOTAL(3,C214:C265) -> 52
A267: 6 | B267: 1 | C267: 于佳琳 | D267: 243800601 | E267: 物理 | F267: 化学 | G267: 生物 | H267: 高二2班 | I267: 002 | J267: 24
A268: 6 | B268: 2 | C268: 马聆迪 | D268: 243800602 | E268: 物理 | F268: 化学 | G268: 生物 | H268: 高二11班 | I268: 011 | J268: 04
A269: 6 | B269: 3 | C269: 马歆喆 | D269: 243800603 | E269: 物理 | F269: 化学 | G269: 生物 | H269: 高二2班 | I269: 002 | J269: 30
A270: 6 | B270: 4 | C270: 邓楚骞 | D270: 243800604 | E270: 物理 | F270: 化学 | G270: 生物 | H270: 高二8班 | I270: 008 | J270: 18
A271: 6 | B271: 5 | C271: 刘绍宏 | D271: 243800605 | E271: 物理 | F271: 化学 | G271: 生物 | H271: 高二3班 | I271: 003 | J271: 31
A272: 6 | B272: 6 | C272: 刘键泉 | D272: 243800606 | E272: 物理 | F272: 化学 | G272: 生物 | H272: 高二5班 | I272: 005 | J272: 21
A273: 6 | B273: 7 | C273: 闭仪浩 | D273: 243800607 | E273: 物理 | F273: 化学 | G273: 生物 | H273: 高二8班 | I273: 008 | J273: 26
A274: 6 | B274: 8 | C274: 孙嘉俊 | D274: 243800608 | E274: 物理 | F274: 化学 | G274: 生物 | H274: 高二3班 | I274: 003 | J274: 33
A275: 6 | B275: 9 | C275: 严实 | D275: 243800609 | E275: 物理 | F275: 化学 | G275: 生物 | H275: 高二3班 | I275: 003 | J275: 01
A276: 6 | B276: 10 | C276: 苏俊钊 | D276: 243800610 | E276: 物理 | F276: 化学 | G276: 生物 | H276: 高二1班 | I276: 001 | J276: 30
A277: 6 | B277: 11 | C277: 杨心悦 | D277: 243800611 | E277: 物理 | F277: 化学 | G277: 生物 | H277: 高二3班 | I277: 003 | J277: 11
A278: 6 | B278: 12 | C278: 杨钧淼 | D278: 243800612 | E278: 物理 | F278: 化学 | G278: 生物 | H278: 高二3班 | I278: 003 | J278: 34
... A318: 6 | B318: 52 | C318: 魏涵琪 | D318: 243800652 | E318: 物理 | F318: 化学 | G318: 生物 | H318: 高二9班 | I318: 009 | J318: 07
A319: 6 计数 | C319: =SUBTOTAL(3,C267:C318) -> 52
A320: 7 | B320: 1 | C320: 王思尹 | D320: 243800701 | E320: 物理 | F320: 化学 | G320: 生物 | H320: 高二1班 | I320: 001 | J320: 01
A321: 7 | B321: 2 | C321: 王展辉 | D321: 243800702 | E321: 物理 | F321: 化学 | G321: 生物 | H321: 高二6班 | I321: 006 | J321: 03
A322: 7 | B322: 3 | C322: 韦泳诗 | D322: 243800703 | E322: 物理 | F322: 化学 | G322: 生物 | H322: 高二10班 | I322: 010 | J322: 11
A323: 7 | B323: 4 | C323: 卢政昕 | D323: 243800704 | E323: 物理 | F323: 化学 | G323: 生物 | H323: 高二7班 | I323: 007 | J323: 01
A324: 7 | B324: 5 | C324: 叶芷宁 | D324: 243800705 | E324: 物理 | F324: 化学 | G324: 生物 | H324: 高二2班 | I324: 002 | J324: 31
A325: 7 | B325: 6 | C325: 吕顺捷 | D325: 243800706 | E325: 物理 | F325: 化学 | G325: 生物 | H325: 高二10班 | I325: 010 | J325: 14
A326: 7 | B326: 7 | C326: 朱雅诗 | D326: 243800707 | E326: 物理 | F326: 化学 | G326: 生物 | H326: 高二6班 | I326: 006 | J326: 25
A327: 7 | B327: 8 | C327: 刘田宇 | D327: 243800708 | E327: 物理 | F327: 化学 | G327: 生物 | H327: 高二10班 | I327: 010 | J327: 25
A328: 7 | B328: 9 | C328: 刘铠逸 | D328: 243800709 | E328: 物理 | F328: 化学 | G328: 生物 | H328: 高二5班 | I328: 005 | J328: 31
A329: 7 | B329: 10 | C329: 刘灏宇 | D329: 243800710 | E329: 物理 | F329: 化学 | G329: 生物 | H329: 高二8班 | I329: 008 | J329: 10
A330: 7 | B330: 11 | C330: 江雨桐 | D330: 243800711 | E330: 物理 | F330: 化学 | G330: 生物 | H330: 高二10班 | I330: 010 | J330: 39
A331: 7 | B331: 12 | C331: 孙跃铭 | D331: 243800712 | E331: 物理 | F331: 化学 | G331: 生物 | H331: 高二10班 | I331: 010 | J331: 41
... A371: 7 | B371: 52 | C371: 潘滢莹 | D371: 243800752 | E371: 物理 | F371: 化学 | G371: 生物 | H371: 高二7班 | I371: 007 | J371: 13
A372: 7 计数 | C372: =SUBTOTAL(3,C320:C371) -> 52
...

Sheet 考场（打印）
A1: =巡视!$A$1&"座位安排-考场" -> 2025-2026学年高二第一学期期中考座位安排-考场
A2: 班级 | B2: 学号 | C2: 姓名 | D2: 考号 | E2: 类别 | F2: 选1 | G2: 选2 | H2: 考场 | I2: 考场号 | J2: 座位
A3: 7 | B3: 1 | C3: 王思尹 | D3: 243800701 | E3: 物理 | F3: 化学 | G3: 生物 | H3: 高二1班 | I3: 001 | J3: 01
A4: 3 | B4: 2 | C4: 王梓涵 | D4: 243800302 | E4: 物理 | F4: 化学 | G4: 生物 | H4: 高二1班 | I4: 001 | J4: 02
A5: 8 | B5: 51 | C5: 戴子洋 | D5: 243800851 | E5: 物理 | F5: 化学 | G5: 生物 | H5: 高二1班 | I5: 001 | J5: 03
A6: 5 | B6: 18 | C6: 李怡菲 | D6: 243800518 | E6: 物理 | F6: 化学 | G6: 生物 | H6: 高二1班 | I6: 001 | J6: 04
A7: 5 | B7: 32 | C7: 陈芷琪 | D7: 243800532 | E7: 物理 | F7: 化学 | G7: 生物 | H7: 高二1班 | I7: 001 | J7: 05
A8: 8 | B8: 17 | C8: 吴欣华 | D8: 243800817 | E8: 物理 | F8: 化学 | G8: 生物 | H8: 高二1班 | I8: 001 | J8: 06
A9: 4 | B9: 6 | C9: 吕弦泽 | D9: 243800406 | E9: 物理 | F9: 化学 | G9: 生物 | H9: 高二1班 | I9: 001 | J9: 07
A10: 5 | B10: 26 | C10: 张子涵 | D10: 243800526 | E10: 物理 | F10: 化学 | G10: 生物 | H10: 高二1班 | I10: 001 | J10: 08
A11: 4 | B11: 8 | C11: 庄灿铭 | D11: 243800408 | E11: 物理 | F11: 化学 | G11: 生物 | H11: 高二1班 | I11: 001 | J11: 09
A12: 9 | B12: 16 | C12: 李玄熙 | D12: 243800916 | E12: 物理 | F12: 化学 | G12: 生物 | H12: 高二1班 | I12: 001 | J12: 10
A13: 8 | B13: 49 | C13: 赖欣彤 | D13: 243800849 | E13: 物理 | F13: 化学 | G13: 生物 | H13: 高二1班 | I13: 001 | J13: 11
A14: 1 | B14: 36 | C14: 侯铨睿 | D14: 243800136 | E14: 物理 | F14: 化学 | G14: 生物 | H14: 高二1班 | I14: 001 | J14: 12
... A44: 1 | B44: 11 | C44: 孙奥奇 | D44: 243800111 | E44: 物理 | F44: 化学 | G44: 生物 | H44: 高二1班 | I44: 001 | J44: 42
C45: =SUBTOTAL(3,C3:C44) -> 42 | H45: 高二1班 计数
A46: 5 | B46: 15 | C46: 许可桐 | D46: 243800515 | E46: 物理 | F46: 化学 | G46: 生物 | H46: 高二2班 | I46: 002 | J46: 01
A47: 2 | B47: 3 | C47: 左承希 | D47: 243800203 | E47: 物理 | F47: 化学 | G47: 生物 | H47: 高二2班 | I47: 002 | J47: 02
A48: 6 | B48: 43 | C48: 温润鹏 | D48: 243800643 | E48: 物理 | F48: 化学 | G48: 生物 | H48: 高二2班 | I48: 002 | J48: 03
A49: 7 | B49: 40 | C49: 黄芾生 | D49: 243800740 | E49: 物理 | F49: 化学 | G49: 生物 | H49: 高二2班 | I49: 002 | J49: 04
A50: 6 | B50: 48 | C50: 翟品杰 | D50: 243800648 | E50: 物理 | F50: 化学 | G50: 生物 | H50: 高二2班 | I50: 002 | J50: 05
A51: 8 | B51: 18 | C51: 吴莫宸 | D51: 243800818 | E51: 物理 | F51: 化学 | G51: 生物 | H51: 高二2班 | I51: 002 | J51: 06
A52: 3 | B52: 38 | C52: 赵建淳 | D52: 243800338 | E52: 物理 | F52: 化学 | G52: 生物 | H52: 高二2班 | I52: 002 | J52: 07
A53: 9 | B53: 25 | C53: 沈许诺 | D53: 243800925 | E53: 物理 | F53: 化学 | G53: 生物 | H53: 高二2班 | I53: 002 | J53: 08
A54: 7 | B54: 36 | C54: 周文隽 | D54: 243800736 | E54: 物理 | F54: 化学 | G54: 生物 | H54: 高二2班 | I54: 002 | J54: 09
A55: 2 | B55: 4 | C55: 邝炜皓 | D55: 243800204 | E55: 物理 | F55: 化学 | G55: 生物 | H55: 高二2班 | I55: 002 | J55: 10
A56: 7 | B56: 42 | C56: 黄梓遥 | D56: 243800742 | E56: 物理 | F56: 化学 | G56: 生物 | H56: 高二2班 | I56: 002 | J56: 11
A57: 7 | B57: 51 | C57: 潘映彤 | D57: 243800751 | E57: 物理 | F57: 化学 | G57: 生物 | H57: 高二2班 | I57: 002 | J57: 12
... A87: 2 | B87: 35 | C87: 柯孝仲 | D87: 243800235 | E87: 物理 | F87: 化学 | G87: 生物 | H87: 高二2班 | I87: 002 | J87: 42
C88: =SUBTOTAL(3,C46:C87) -> 42 | H88: 高二2班 计数
A89: 6 | B89: 9 | C89: 严实 | D89: 243800609 | E89: 物理 | F89: 化学 | G89: 生物 | H89: 高二3班 | I89: 003 | J89: 01
A90: 5 | B90: 16 | C90: 李明杭 | D90: 243800516 | E90: 物理 | F90: 化学 | G90: 生物 | H90: 高二3班 | I90: 003 | J90: 02
A91: 5 | B91: 23 | C91: 何芷慧 | D91: 243800523 | E91: 物理 | F91: 化学 | G91: 生物 | H91: 高二3班 | I91: 003 | J91: 03
A92: 3 | B92: 30 | C92: 陈烨 | D92: 243800330 | E92: 物理 | F92: 化学 | G92: 生物 | H92: 高二3班 | I92: 003 | J92: 04
A93: 8 | B93: 50 | C93: 缪未雨 | D93: 243800850 | E93: 物理 | F93: 化学 | G93: 生物 | H93: 高二3班 | I93: 003 | J93: 05
A94: 3 | B94: 3 | C94: 王梓晴 | D94: 243800303 | E94: 物理 | F94: 化学 | G94: 生物 | H94: 高二3班 | I94: 003 | J94: 06
A95: 8 | B95: 6 | C95: 伊泽 | D95: 243800806 | E95: 物理 | F95: 化学 | G95: 生物 | H95: 高二3班 | I95: 003 | J95: 07
A96: 7 | B96: 48 | C96: 甄浩霖 | D96: 243800748 | E96: 物理 | F96: 化学 | G96: 生物 | H96: 高二3班 | I96: 003 | J96: 08
A97: 6 | B97: 44 | C97: 谢浩轩 | D97: 243800644 | E97: 物理 | F97: 化学 | G97: 生物 | H97: 高二3班 | I97: 003 | J97: 09
A98: 4 | B98: 22 | C98: 宋钏羽 | D98: 243800422 | E98: 物理 | F98: 化学 | G98: 生物 | H98: 高二3班 | I98: 003 | J98: 10
A99: 6 | B99: 11 | C99: 杨心悦 | D99: 243800611 | E99: 物理 | F99: 化学 | G99: 生物 | H99: 高二3班 | I99: 003 | J99: 11
A100: 6 | B100: 23 | C100: 陈雅诗 | D100: 243800623 | E100: 物理 | F100: 化学 | G100: 生物 | H100: 高二3班 | I100: 003 | J100: 12
... A130: 9 | B130: 50 | C130: 廖思玥 | D130: 243800950 | E130: 物理 | F130: 化学 | G130: 生物 | H130: 高二3班 | I130: 003 | J130: 42
C131: =SUBTOTAL(3,C89:C130) -> 42 | H131: 高二3班 计数
A132: 2 | B132: 7 | C132: 伦熙然 | D132: 243800207 | E132: 物理 | F132: 化学 | G132: 生物 | H132: 高二4班 | I132: 004 | J132: 01
A133: 6 | B133: 16 | C133: 何亦泊 | D133: 243800616 | E133: 物理 | F133: 化学 | G133: 生物 | H133: 高二4班 | I133: 004 | J133: 02
A134: 9 | B134: 40 | C134: 耿振南 | D134: 243800940 | E134: 物理 | F134: 化学 | G134: 生物 | H134: 高二4班 | I134: 004 | J134: 03
A135: 9 | B135: 33 | C135: 金泰宇 | D135: 243800933 | E135: 物理 | F135: 化学 | G135: 生物 | H135: 高二4班 | I135: 004 | J135: 04
A136: 1 | B136: 51 | C136: 颜为荣 | D136: 243800151 | E136: 物理 | F136: 化学 | G136: 生物 | H136: 高二4班 | I136: 004 | J136: 05
A137: 6 | B137: 24 | C137: 陈嘉欣 | D137: 243800624 | E137: 物理 | F137: 化学 | G137: 生物 | H137: 高二4班 | I137: 004 | J137: 06
A138: 7 | B138: 44 | C138: 梁司颖 | D138: 243800744 | E138: 物理 | F138: 化学 | G138: 生物 | H138: 高二4班 | I138: 004 | J138: 07
A139: 1 | B139: 14 | C139: 李建锋 | D139: 243800114 | E139: 物理 | F139: 化学 | G139: 生物 | H139: 高二4班 | I139: 004 | J139: 08
A140: 7 | B140: 35 | C140: 林鹏翀 | D140: 243800735 | E140: 物理 | F140: 化学 | G140: 生物 | H140: 高二4班 | I140: 004 | J140: 09
A141: 6 | B141: 33 | C141: 黄宝萱 | D141: 243800633 | E141: 物理 | F141: 化学 | G141: 生物 | H141: 高二4班 | I141: 004 | J141: 10
A142: 7 | B142: 24 | C142: 张浩杰 | D142: 243800724 | E142: 物理 | F142: 化学 | G142: 生物 | H142: 高二4班 | I142: 004 | J142: 11
A143: 5 | B143: 6 | C143: 石钰婷 | D143: 243800506 | E143: 物理 | F143: 化学 | G143: 生物 | H143: 高二4班 | I143: 004 | J143: 12
... A173: 3 | B173: 34 | C173: 林子欣 | D173: 243800334 | E173: 物理 | F173: 化学 | G173: 生物 | H173: 高二4班 | I173: 004 | J173: 42
C174: =SUBTOTAL(3,C132:C173) -> 42 | H174: 高二4班 计数
A175: 3 | B175: 10 | C175: 刘炜鹏 | D175: 243800310 | E175: 物理 | F175: 化学 | G175: 生物 | H175: 高二5班 | I175: 005 | J175: 01
A176: 7 | B176: 23 | C176: 张思博 | D176: 243800723 | E176: 物理 | F176: 化学 | G176: 生物 | H176: 高二5班 | I176: 005 | J176: 02
A177: 1 | B177: 20 | C177: 张羿晨 | D177: 243800120 | E177: 物理 | F177: 化学 | G177: 生物 | H177: 高二5班 | I177: 005 | J177: 03
A178: 3 | B178: 45 | C178: 蒋若庆 | D178: 243800345 | E178: 物理 | F178: 化学 | G178: 生物 | H178: 高二5班 | I178: 005 | J178: 04
A179: 4 | B179: 42 | C179: 黄一洋 | D179: 243800442 | E179: 物理 | F179: 化学 | G179: 生物 | H179: 高二5班 | I179: 005 | J179: 05
A180: 7 | B180: 46 | C180: 曾烨轩 | D180: 243800746 | E180: 物理 | F180: 化学 | G180: 生物 | H180: 高二5班 | I180: 005 | J180: 06
A181: 8 | B181: 10 | C181: 纪可楠 | D181: 243800810 | E181: 物理 | F181: 化学 | G181: 生物 | H181: 高二5班 | I181: 005 | J181: 07
A182: 4 | B182: 47 | C182: 温宇霆 | D182: 243800447 | E182: 物理 | F182: 化学 | G182: 生物 | H182: 高二5班 | I182: 005 | J182: 08
A183: 5 | B183: 52 | C183: 李汶儒 | D183: 243800552 | E183: 物理 | F183: 化学 | G183: 生物 | H183: 高二5班 | I183: 005 | J183: 09
A184: 1 | B184: 49 | C184: 谭景轩 | D184: 243800149 | E184: 物理 | F184: 化学 | G184: 生物 | H184: 高二5班 | I184: 005 | J184: 10
A185: 4 | B185: 37 | C185: 洪铎睿 | D185: 243800437 | E185: 物理 | F185: 化学 | G185: 生物 | H185: 高二5班 | I185: 005 | J185: 11
A186: 5 | B186: 33 | C186: 陈彦杉 | D186: 243800533 | E186: 物理 | F186: 化学 | G186: 生物 | H186: 高二5班 | I186: 005 | J186: 12
... A216: 6 | B216: 34 | C216: 黄俊哲 | D216: 243800634 | E216: 物理 | F216: 化学 | G216: 生物 | H216: 高二5班 | I216: 005 | J216: 42
C217: =SUBTOTAL(3,C175:C216) -> 42 | H217: 高二5班 计数
A218: 2 | B218: 32 | C218: 赵相成 | D218: 243800232 | E218: 物理 | F218: 化学 | G218: 生物 | H218: 高二6班 | I218: 006 | J218: 01
A219: 4 | B219: 18 | C219: 吴家煌 | D219: 243800418 | E219: 物理 | F219: 化学 | G219: 生物 | H219: 高二6班 | I219: 006 | J219: 02
A220: 7 | B220: 2 | C220: 王展辉 | D220: 243800702 | E220: 物理 | F220: 化学 | G220: 生物 | H220: 高二6班 | I220: 006 | J220: 03
A221: 6 | B221: 22 | C221: 陈博仁 | D221: 243800622 | E221: 物理 | F221: 化学 | G221: 生物 | H221: 高二6班 | I221: 006 | J221: 04
A222: 9 | B222: 20 | C222: 李淳 | D222: 243800920 | E222: 物理 | F222: 化学 | G222: 生物 | H222: 高二6班 | I222: 006 | J222: 05
A223: 6 | B223: 13 | C223: 吴凌菲 | D223: 243800613 | E223: 物理 | F223: 化学 | G223: 生物 | H223: 高二6班 | I223: 006 | J223: 06
A224: 6 | B224: 41 | C224: 曾昊 | D224: 243800641 | E224: 物理 | F224: 化学 | G224: 生物 | H224: 高二6班 | I224: 006 | J224: 07
A225: 5 | B225: 41 | C225: 高依子 | D225: 243800541 | E225: 物理 | F225: 化学 | G225: 生物 | H225: 高二6班 | I225: 006 | J225: 08
A226: 3 | B226: 42 | C226: 梁善皓 | D226: 243800342 | E226: 物理 | F226: 化学 | G226: 生物 | H226: 高二6班 | I226: 006 | J226: 09
A227: 1 | B227: 22 | C227: 张睿宸 | D227: 243800122 | E227: 物理 | F227: 化学 | G227: 生物 | H227: 高二6班 | I227: 006 | J227: 10
A228: 3 | B228: 12 | C228: 汤姊瑶 | D228: 243800312 | E228: 物理 | F228: 化学 | G228: 生物 | H228: 高二6班 | I228: 006 | J228: 11
A229: 3 | B229: 40 | C229: 郭宇洋 | D229: 243800340 | E229: 物理 | F229: 化学 | G229: 生物 | H229: 高二6班 | I229: 006 | J229: 12
... A259: 8 | B259: 33 | C259: 徐一沣 | D259: 243800833 | E259: 物理 | F259: 化学 | G259: 生物 | H259: 高二6班 | I259: 006 | J259: 42
C260: =SUBTOTAL(3,C218:C259) -> 42 | H260: 高二6班 计数
A261: 7 | B261: 4 | C261: 卢政昕 | D261: 243800704 | E261: 物理 | F261: 化学 | G261: 生物 | H261: 高二7班 | I261: 007 | J261: 01
A262: 3 | B262: 53 | C262: 江宇宸 | D262: 243800353 | E262: 物理 | F262: 化学 | G262: 生物 | H262: 高二7班 | I262: 007 | J262: 02
A263: 3 | B263: 1 | C263: 王凌宇 | D263: 243800301 | E263: 物理 | F263: 化学 | G263: 生物 | H263: 高二7班 | I263: 007 | J263: 03
A264: 2 | B264: 15 | C264: 李昕妍 | D264: 243800215 | E264: 物理 | F264: 化学 | G264: 生物 | H264: 高二7班 | I264: 007 | J264: 04
A265: 1 | B265: 26 | C265: 陈泓佚 | D265: 243800126 | E265: 物理 | F265: 化学 | G265: 生物 | H265: 高二7班 | I265: 007 | J265: 05
A266: 2 | B266: 36 | C266: 钟程 | D266: 243800236 | E266: 物理 | F266: 化学 | G266: 生物 | H266: 高二7班 | I266: 007 | J266: 06
A267: 9 | B267: 52 | C267: 谭嘉宁 | D267: 243800952 | E267: 物理 | F267: 化学 | G267: 生物 | H267: 高二7班 | I267: 007 | J267: 07
A268: 5 | B268: 9 | C268: 朱永基 | D268: 243800509 | E268: 物理 | F268: 化学 | G268: 生物 | H268: 高二7班 | I268: 007 | J268: 08
A269: 2 | B269: 26 | C269: 陈思宇 | D269: 243800226 | E269: 物理 | F269: 化学 | G269: 生物 | H269: 高二7班 | I269: 007 | J269: 09
A270: 3 | B270: 4 | C270: 王雅茜 | D270: 243800304 | E270: 物理 | F270: 化学 | G270: 生物 | H270: 高二7班 | I270: 007 | J270: 10
A271: 8 | B271: 47 | C271: 覃钰珊 | D271: 243800847 | E271: 物理 | F271: 化学 | G271: 生物 | H271: 高二7班 | I271: 007 | J271: 11
A272: 8 | B272: 8 | C272: 江宇康 | D272: 243800808 | E272: 物理 | F272: 化学 | G272: 生物 | H272: 高二7班 | I272: 007 | J272: 12
... A302: 9 | B302: 2 | C302: 田宏宇 | D302: 243800902 | E302: 物理 | F302: 化学 | G302: 生物 | H302: 高二7班 | I302: 007 | J302: 42
C303: =SUBTOTAL(3,C261:C302) -> 42 | H303: 高二7班 计数
...

Sheet 试卷袋标签（打印）-1
A1: =CONCATENATE(监考安排!$A4," ",监考安排!T$2," ",监考安排!$B4,"人"," 监考员："," 应考："," 实考：") -> 高二1班 语文 42人 监考员： 应考： 实考： | B1: =CONCATENATE(监考安排!$A4," ",监考安排!V$2," ",监考安排!$B4,"人"," 监考员："," 应考："," 实考：") -> 高二1班 数学 42人 监考员： 应考： 实考： | C1: =CONCATENATE(监考安排!$A4," ",监考安排!W$2," ",监考安排!$B4,"人"," 监考员："," 应考："," 实考：") -> 高二1班 政治学考 42人 监考员： 应考： 实考： | D1: =CONCATENATE(监考安排!$A4," ",监考安排!Z$2," ",监考安排!$B4,"人"," 监考员："," 应考："," 实考：") -> 高二1班 英语 42人 监考员： 应考： 实考： | E1: =CONCATENATE(监考安排!$A4," ",监考安排!AA$2," ",监考安排!$B4,"人"," 监考员："," 应考："," 实考：") -> 高二1班 物理学考 42人 监考员： 应考： 实考：
A2: =CONCATENATE(监考安排!$A5," ",监考安排!T$2," ",监考安排!$B5,"人"," 监考员："," 应考："," 实考：") -> 高二2班 语文 42人 监考员： 应考： 实考： | B2: =CONCATENATE(监考安排!$A5," ",监考安排!V$2," ",监考安排!$B5,"人"," 监考员："," 应考："," 实考：") -> 高二2班 数学 42人 监考员： 应考： 实考： | C2: =CONCATENATE(监考安排!$A5," ",监考安排!W$2," ",监考安排!$B5,"人"," 监考员："," 应考："," 实考：") -> 高二2班 政治学考 42人 监考员： 应考： 实考： | D2: =CONCATENATE(监考安排!$A5," ",监考安排!Z$2," ",监考安排!$B5,"人"," 监考员："," 应考："," 实考：") -> 高二2班 英语 42人 监考员： 应考： 实考： | E2: =CONCATENATE(监考安排!$A5," ",监考安排!AA$2," ",监考安排!$B5,"人"," 监考员："," 应考："," 实考：") -> 高二2班 物理学考 42人 监考员： 应考： 实考：
A3: =CONCATENATE(监考安排!$A6," ",监考安排!T$2," ",监考安排!$B6,"人"," 监考员："," 应考："," 实考：") -> 高二3班 语文 42人 监考员： 应考： 实考： | B3: =CONCATENATE(监考安排!$A6," ",监考安排!V$2," ",监考安排!$B6,"人"," 监考员："," 应考："," 实考：") -> 高二3班 数学 42人 监考员： 应考： 实考： | C3: =CONCATENATE(监考安排!$A6," ",监考安排!W$2," ",监考安排!$B6,"人"," 监考员："," 应考："," 实考：") -> 高二3班 政治学考 42人 监考员： 应考： 实考： | D3: =CONCATENATE(监考安排!$A6," ",监考安排!Z$2," ",监考安排!$B6,"人"," 监考员："," 应考："," 实考：") -> 高二3班 英语 42人 监考员： 应考： 实考： | E3: =CONCATENATE(监考安排!$A6," ",监考安排!AA$2," ",监考安排!$B6,"人"," 监考员："," 应考："," 实考：") -> 高二3班 物理学考 42人 监考员： 应考： 实考：
A4: =CONCATENATE(监考安排!$A7," ",监考安排!T$2," ",监考安排!$B7,"人"," 监考员："," 应考："," 实考：") -> 高二4班 语文 42人 监考员： 应考： 实考： | B4: =CONCATENATE(监考安排!$A7," ",监考安排!V$2," ",监考安排!$B7,"人"," 监考员："," 应考："," 实考：") -> 高二4班 数学 42人 监考员： 应考： 实考： | C4: =CONCATENATE(监考安排!$A7," ",监考安排!W$2," ",监考安排!$B7,"人"," 监考员："," 应考："," 实考：") -> 高二4班 政治学考 42人 监考员： 应考： 实考： | D4: =CONCATENATE(监考安排!$A7," ",监考安排!Z$2," ",监考安排!$B7,"人"," 监考员："," 应考："," 实考：") -> 高二4班 英语 42人 监考员： 应考： 实考： | E4: =CONCATENATE(监考安排!$A7," ",监考安排!AA$2," ",监考安排!$B7,"人"," 监考员："," 应考："," 实考：") -> 高二4班 物理学考 42人 监考员： 应考： 实考：
A5: =CONCATENATE(监考安排!$A8," ",监考安排!T$2," ",监考安排!$B8,"人"," 监考员："," 应考："," 实考：") -> 高二5班 语文 42人 监考员： 应考： 实考： | B5: =CONCATENATE(监考安排!$A8," ",监考安排!V$2," ",监考安排!$B8,"人"," 监考员："," 应考："," 实考：") -> 高二5班 数学 42人 监考员： 应考： 实考： | C5: =CONCATENATE(监考安排!$A8," ",监考安排!W$2," ",监考安排!$B8,"人"," 监考员："," 应考："," 实考：") -> 高二5班 政治学考 42人 监考员： 应考： 实考： | D5: =CONCATENATE(监考安排!$A8," ",监考安排!Z$2," ",监考安排!$B8,"人"," 监考员："," 应考："," 实考：") -> 高二5班 英语 42人 监考员： 应考： 实考： | E5: =CONCATENATE(监考安排!$A8," ",监考安排!AA$2," ",监考安排!$B8,"人"," 监考员："," 应考："," 实考：") -> 高二5班 物理学考 42人 监考员： 应考： 实考：
A6: =CONCATENATE(监考安排!$A9," ",监考安排!T$2," ",监考安排!$B9,"人"," 监考员："," 应考："," 实考：") -> 高二6班 语文 42人 监考员： 应考： 实考： | B6: =CONCATENATE(监考安排!$A9," ",监考安排!V$2," ",监考安排!$B9,"人"," 监考员："," 应考："," 实考：") -> 高二6班 数学 42人 监考员： 应考： 实考： | C6: =CONCATENATE(监考安排!$A9," ",监考安排!W$2," ",监考安排!$B9,"人"," 监考员："," 应考："," 实考：") -> 高二6班 政治学考 42人 监考员： 应考： 实考： | D6: =CONCATENATE(监考安排!$A9," ",监考安排!Z$2," ",监考安排!$B9,"人"," 监考员："," 应考："," 实考：") -> 高二6班 英语 42人 监考员： 应考： 实考： | E6: =CONCATENATE(监考安排!$A9," ",监考安排!AA$2," ",监考安排!$B9,"人"," 监考员："," 应考："," 实考：") -> 高二6班 物理学考 42人 监考员： 应考： 实考：
A7: =CONCATENATE(监考安排!$A10," ",监考安排!T$2," ",监考安排!$B10,"人"," 监考员："," 应考："," 实考：") -> 高二7班 语文 42人 监考员： 应考： 实考： | B7: =CONCATENATE(监考安排!$A10," ",监考安排!V$2," ",监考安排!$B10,"人"," 监考员："," 应考："," 实考：") -> 高二7班 数学 42人 监考员： 应考： 实考： | C7: =CONCATENATE(监考安排!$A10," ",监考安排!W$2," ",监考安排!$B10,"人"," 监考员："," 应考："," 实考：") -> 高二7班 政治学考 42人 监考员： 应考： 实考： | D7: =CONCATENATE(监考安排!$A10," ",监考安排!Z$2," ",监考安排!$B10,"人"," 监考员："," 应考："," 实考：") -> 高二7班 英语 42人 监考员： 应考： 实考： | E7: =CONCATENATE(监考安排!$A10," ",监考安排!AA$2," ",监考安排!$B10,"人"," 监考员："," 应考："," 实考：") -> 高二7班 物理学考 42人 监考员： 应考： 实考：
A8: =CONCATENATE(监考安排!$A11," ",监考安排!T$2," ",监考安排!$B11,"人"," 监考员："," 应考："," 实考：") -> 高二8班 语文 42人 监考员： 应考： 实考： | B8: =CONCATENATE(监考安排!$A11," ",监考安排!V$2," ",监考安排!$B11,"人"," 监考员："," 应考："," 实考：") -> 高二8班 数学 42人 监考员： 应考： 实考： | C8: =CONCATENATE(监考安排!$A11," ",监考安排!W$2," ",监考安排!$B11,"人"," 监考员："," 应考："," 实考：") -> 高二8班 政治学考 42人 监考员： 应考： 实考： | D8: =CONCATENATE(监考安排!$A11," ",监考安排!Z$2," ",监考安排!$B11,"人"," 监考员："," 应考："," 实考：") -> 高二8班 英语 42人 监考员： 应考： 实考： | E8: =CONCATENATE(监考安排!$A11," ",监考安排!AA$2," ",监考安排!$B11,"人"," 监考员："," 应考："," 实考：") -> 高二8班 物理学考 42人 监考员： 应考： 实考：
A9: =CONCATENATE(监考安排!$A12," ",监考安排!T$2," ",监考安排!$B12,"人"," 监考员："," 应考："," 实考：") -> 高二9班 语文 42人 监考员： 应考： 实考： | B9: =CONCATENATE(监考安排!$A12," ",监考安排!V$2," ",监考安排!$B12,"人"," 监考员："," 应考："," 实考：") -> 高二9班 数学 42人 监考员： 应考： 实考： | C9: =CONCATENATE(监考安排!$A12," ",监考安排!W$2," ",监考安排!$B12,"人"," 监考员："," 应考："," 实考：") -> 高二9班 政治学考 42人 监考员： 应考： 实考： | D9: =CONCATENATE(监考安排!$A12," ",监考安排!Z$2," ",监考安排!$B12,"人"," 监考员："," 应考："," 实考：") -> 高二9班 英语 42人 监考员： 应考： 实考： | E9: =CONCATENATE(监考安排!$A12," ",监考安排!AA$2," ",监考安排!$B12,"人"," 监考员："," 应考："," 实考：") -> 高二9班 物理学考 42人 监考员： 应考： 实考：
A10: =CONCATENATE(监考安排!$A13," ",监考安排!T$2," ",监考安排!$B13,"人"," 监考员："," 应考："," 实考：") -> 高二10班 语文 42人 监考员： 应考： 实考： | B10: =CONCATENATE(监考安排!$A13," ",监考安排!V$2," ",监考安排!$B13,"人"," 监考员："," 应考："," 实考：") -> 高二10班 数学 42人 监考员： 应考： 实考： | C10: =CONCATENATE(监考安排!$A13," ",监考安排!W$2," ",监考安排!$B13,"人"," 监考员："," 应考："," 实考：") -> 高二10班 政治学考 42人 监考员： 应考： 实考： | D10: =CONCATENATE(监考安排!$A13," ",监考安排!Z$2," ",监考安排!$B13,"人"," 监考员："," 应考："," 实考：") -> 高二10班 英语 42人 监考员： 应考： 实考： | E10: =CONCATENATE(监考安排!$A13," ",监考安排!AA$2," ",监考安排!$B13,"人"," 监考员："," 应考："," 实考：") -> 高二10班 物理学考 42人 监考员： 应考： 实考：
A11: =CONCATENATE(监考安排!$A14," ",监考安排!T$2," ",监考安排!$B14,"人"," 监考员："," 应考："," 实考：") -> 高二11班 语文 42人 监考员： 应考： 实考： | B11: =CONCATENATE(监考安排!$A14," ",监考安排!V$2," ",监考安排!$B14,"人"," 监考员："," 应考："," 实考：") -> 高二11班 数学 42人 监考员： 应考： 实考： | C11: =CONCATENATE(监考安排!$A14," ",监考安排!W$2," ",监考安排!$B14,"人"," 监考员："," 应考："," 实考：") -> 高二11班 政治学考 42人 监考员： 应考： 实考： | D11: =CONCATENATE(监考安排!$A14," ",监考安排!Z$2," ",监考安排!$B14,"人"," 监考员："," 应考："," 实考：") -> 高二11班 英语 42人 监考员： 应考： 实考： | E11: =CONCATENATE(监考安排!$A14," ",监考安排!AA$2," ",监考安排!$B14,"人"," 监考员："," 应考："," 实考：") -> 高二11班 物理学考 42人 监考员： 应考： 实考：
A12: =CONCATENATE(监考安排!$A15," ",监考安排!T$2," ",监考安排!$B15,"人"," 监考员："," 应考："," 实考：") -> 高二12班 语文 42人 监考员： 应考： 实考： | B12: =CONCATENATE(监考安排!$A15," ",监考安排!V$2," ",监考安排!$B15,"人"," 监考员："," 应考："," 实考：") -> 高二12班 数学 42人 监考员： 应考： 实考： | C12: =CONCATENATE(监考安排!$A15," ",监考安排!W$2," ",监考安排!$B15,"人"," 监考员："," 应考："," 实考：") -> 高二12班 政治学考 42人 监考员： 应考： 实考： | D12: =CONCATENATE(监考安排!$A15," ",监考安排!Z$2," ",监考安排!$B15,"人"," 监考员："," 应考："," 实考：") -> 高二12班 英语 42人 监考员： 应考： 实考： | E12: =CONCATENATE(监考安排!$A15," ",监考安排!AA$2," ",监考安排!$B15,"人"," 监考员："," 应考："," 实考：") -> 高二12班 物理学考 42人 监考员： 应考： 实考：
... A20: =CONCATENATE(监考安排!$A23," ",监考安排!T$2," ",监考安排!$B23,"人"," 监考员："," 应考："," 实考：") -> 公共课室6 语文 25人 监考员： 应考： 实考： | B20: =CONCATENATE(监考安排!$A23," ",监考安排!V$2," ",监考安排!$B23,"人"," 监考员："," 应考："," 实考：") -> 公共课室6 数学 25人 监考员： 应考： 实考： | C20: =CONCATENATE(监考安排!$A23," ",监考安排!W$2," ",监考安排!$B23,"人"," 监考员："," 应考："," 实考：") -> 公共课室6 政治学考 25人 监考员： 应考： 实考： | D20: =CONCATENATE(监考安排!$A23," ",监考安排!Z$2," ",监考安排!$B23,"人"," 监考员："," 应考："," 实考：") -> 公共课室6 英语 25人 监考员： 应考： 实考： | E20: =CONCATENATE(监考安排!$A23," ",监考安排!AA$2," ",监考安排!$B23,"人"," 监考员："," 应考："," 实考：") -> 公共课室6 物理学考 25人 监考员： 应考： 实考：

Sheet 试卷袋标签（打印）-2
A1: 高二1班 物理 42人 监考员： 应考： 实考： | B1: =监考安排!$AC4&" "&监考安排!AF$3&" "&监考安排!AF4&"人 监考员： 应考： 实考：" -> 高二1班 化学 42人 监考员： 应考： 实考： | C1: =监考安排!$AC4&" "&监考安排!AG$3&" "&监考安排!AG4&"人 监考员： 应考： 实考：" -> 高二1班 生物 42人 监考员： 应考： 实考： | D1: =监考安排!$AC4&" "&监考安排!AH$3&" "&监考安排!AH4&"人 监考员： 应考： 实考：" -> 高二1班 地理 0人 监考员： 应考： 实考： | E1: =监考安排!$AC4&" "&监考安排!AI$3&" "&监考安排!AI4&"人 监考员： 应考： 实考：" -> 高二1班 政治 0人 监考员： 应考： 实考：
A2: 高二2班 物理 42人 监考员： 应考： 实考： | B2: =监考安排!$AC5&" "&监考安排!AF$3&" "&监考安排!AF5&"人 监考员： 应考： 实考：" -> 高二2班 化学 42人 监考员： 应考： 实考： | C2: =监考安排!$AC5&" "&监考安排!AG$3&" "&监考安排!AG5&"人 监考员： 应考： 实考：" -> 高二2班 生物 42人 监考员： 应考： 实考： | D2: =监考安排!$AC5&" "&监考安排!AH$3&" "&监考安排!AH5&"人 监考员： 应考： 实考：" -> 高二2班 地理 0人 监考员： 应考： 实考： | E2: =监考安排!$AC5&" "&监考安排!AI$3&" "&监考安排!AI5&"人 监考员： 应考： 实考：" -> 高二2班 政治 0人 监考员： 应考： 实考：
A3: 高二3班 物理 42人 监考员： 应考： 实考： | B3: =监考安排!$AC6&" "&监考安排!AF$3&" "&监考安排!AF6&"人 监考员： 应考： 实考：" -> 高二3班 化学 42人 监考员： 应考： 实考： | C3: =监考安排!$AC6&" "&监考安排!AG$3&" "&监考安排!AG6&"人 监考员： 应考： 实考：" -> 高二3班 生物 42人 监考员： 应考： 实考： | D3: =监考安排!$AC6&" "&监考安排!AH$3&" "&监考安排!AH6&"人 监考员： 应考： 实考：" -> 高二3班 地理 0人 监考员： 应考： 实考： | E3: =监考安排!$AC6&" "&监考安排!AI$3&" "&监考安排!AI6&"人 监考员： 应考： 实考：" -> 高二3班 政治 0人 监考员： 应考： 实考：
A4: 高二4班 物理 42人 监考员： 应考： 实考： | B4: =监考安排!$AC7&" "&监考安排!AF$3&" "&监考安排!AF7&"人 监考员： 应考： 实考：" -> 高二4班 化学 42人 监考员： 应考： 实考： | C4: =监考安排!$AC7&" "&监考安排!AG$3&" "&监考安排!AG7&"人 监考员： 应考： 实考：" -> 高二4班 生物 42人 监考员： 应考： 实考： | D4: =监考安排!$AC7&" "&监考安排!AH$3&" "&监考安排!AH7&"人 监考员： 应考： 实考：" -> 高二4班 地理 0人 监考员： 应考： 实考： | E4: =监考安排!$AC7&" "&监考安排!AI$3&" "&监考安排!AI7&"人 监考员： 应考： 实考：" -> 高二4班 政治 0人 监考员： 应考： 实考：
A5: 高二5班 物理 42人 监考员： 应考： 实考： | B5: =监考安排!$AC8&" "&监考安排!AF$3&" "&监考安排!AF8&"人 监考员： 应考： 实考：" -> 高二5班 化学 42人 监考员： 应考： 实考： | C5: =监考安排!$AC8&" "&监考安排!AG$3&" "&监考安排!AG8&"人 监考员： 应考： 实考：" -> 高二5班 生物 42人 监考员： 应考： 实考： | D5: =监考安排!$AC8&" "&监考安排!AH$3&" "&监考安排!AH8&"人 监考员： 应考： 实考：" -> 高二5班 地理 0人 监考员： 应考： 实考： | E5: =监考安排!$AC8&" "&监考安排!AI$3&" "&监考安排!AI8&"人 监考员： 应考： 实考：" -> 高二5班 政治 0人 监考员： 应考： 实考：
A6: 高二6班 物理 42人 监考员： 应考： 实考： | B6: =监考安排!$AC9&" "&监考安排!AF$3&" "&监考安排!AF9&"人 监考员： 应考： 实考：" -> 高二6班 化学 42人 监考员： 应考： 实考： | C6: =监考安排!$AC9&" "&监考安排!AG$3&" "&监考安排!AG9&"人 监考员： 应考： 实考：" -> 高二6班 生物 42人 监考员： 应考： 实考： | D6: =监考安排!$AC9&" "&监考安排!AH$3&" "&监考安排!AH9&"人 监考员： 应考： 实考：" -> 高二6班 地理 0人 监考员： 应考： 实考： | E6: =监考安排!$AC9&" "&监考安排!AI$3&" "&监考安排!AI9&"人 监考员： 应考： 实考：" -> 高二6班 政治 0人 监考员： 应考： 实考：
A7: 高二7班 物理 42人 监考员： 应考： 实考： | B7: =监考安排!$AC10&" "&监考安排!AF$3&" "&监考安排!AF10&"人 监考员： 应考： 实考：" -> 高二7班 化学 42人 监考员： 应考： 实考： | C7: =监考安排!$AC10&" "&监考安排!AG$3&" "&监考安排!AG10&"人 监考员： 应考： 实考：" -> 高二7班 生物 42人 监考员： 应考： 实考： | D7: =监考安排!$AC10&" "&监考安排!AH$3&" "&监考安排!AH10&"人 监考员： 应考： 实考：" -> 高二7班 地理 0人 监考员： 应考： 实考： | E7: =监考安排!$AC10&" "&监考安排!AI$3&" "&监考安排!AI10&"人 监考员： 应考： 实考：" -> 高二7班 政治 0人 监考员： 应考： 实考：
A8: 高二8班 物理 42人 监考员： 应考： 实考： | B8: =监考安排!$AC11&" "&监考安排!AF$3&" "&监考安排!AF11&"人 监考员： 应考： 实考：" -> 高二8班 化学 42人 监考员： 应考： 实考： | C8: =监考安排!$AC11&" "&监考安排!AG$3&" "&监考安排!AG11&"人 监考员： 应考： 实考：" -> 高二8班 生物 42人 监考员： 应考： 实考： | D8: =监考安排!$AC11&" "&监考安排!AH$3&" "&监考安排!AH11&"人 监考员： 应考： 实考：" -> 高二8班 地理 0人 监考员： 应考： 实考： | E8: =监考安排!$AC11&" "&监考安排!AI$3&" "&监考安排!AI11&"人 监考员： 应考： 实考：" -> 高二8班 政治 0人 监考员： 应考： 实考：
A9: 高二9班 物理 42人 监考员： 应考： 实考： | B9: =监考安排!$AC12&" "&监考安排!AF$3&" "&监考安排!AF12&"人 监考员： 应考： 实考：" -> 高二9班 化学 42人 监考员： 应考： 实考： | C9: =监考安排!$AC12&" "&监考安排!AG$3&" "&监考安排!AG12&"人 监考员： 应考： 实考：" -> 高二9班 生物 42人 监考员： 应考： 实考： | D9: =监考安排!$AC12&" "&监考安排!AH$3&" "&监考安排!AH12&"人 监考员： 应考： 实考：" -> 高二9班 地理 0人 监考员： 应考： 实考： | E9: =监考安排!$AC12&" "&监考安排!AI$3&" "&监考安排!AI12&"人 监考员： 应考： 实考：" -> 高二9班 政治 0人 监考员： 应考： 实考：
A10: 高二10班 物理 42人 监考员： 应考： 实考： | B10: =监考安排!$AC13&" "&监考安排!AF$3&" "&监考安排!AF13&"人 监考员： 应考： 实考：" -> 高二10班 化学 41人 监考员： 应考： 实考： | C10: =监考安排!$AC13&" "&监考安排!AG$3&" "&监考安排!AG13&"人 监考员： 应考： 实考：" -> 高二10班 生物 41人 监考员： 应考： 实考： | D10: =监考安排!$AC13&" "&监考安排!AH$3&" "&监考安排!AH13&"人 监考员： 应考： 实考：" -> 高二10班 地理 0人 监考员： 应考： 实考： | E10: =监考安排!$AC13&" "&监考安排!AI$3&" "&监考安排!AI13&"人 监考员： 应考： 实考：" -> 高二10班 政治 0人 监考员： 应考： 实考：
A11: 高二11班 物理 42人 监考员： 应考： 实考： | B11: =监考安排!$AC14&" "&监考安排!AF$3&" "&监考安排!AF14&"人 监考员： 应考： 实考：" -> 高二11班 化学 42人 监考员： 应考： 实考： | C11: =监考安排!$AC14&" "&监考安排!AG$3&" "&监考安排!AG14&"人 监考员： 应考： 实考：" -> 高二11班 生物 42人 监考员： 应考： 实考： | D11: =监考安排!$AC14&" "&监考安排!AH$3&" "&监考安排!AH14&"人 监考员： 应考： 实考：" -> 高二11班 地理 0人 监考员： 应考： 实考： | E11: =监考安排!$AC14&" "&监考安排!AI$3&" "&监考安排!AI14&"人 监考员： 应考： 实考：" -> 高二11班 政治 0人 监考员： 应考： 实考：
A12: 高二12班 物理 42人 监考员： 应考： 实考： | B12: =监考安排!$AC15&" "&监考安排!AF$3&" "&监考安排!AF15&"人 监考员： 应考： 实考：" -> 高二12班 化学 42人 监考员： 应考： 实考： | C12: =监考安排!$AC15&" "&监考安排!AG$3&" "&监考安排!AG15&"人 监考员： 应考： 实考：" -> 高二12班 生物 0人 监考员： 应考： 实考： | D12: =监考安排!$AC15&" "&监考安排!AH$3&" "&监考安排!AH15&"人 监考员： 应考： 实考：" -> 高二12班 地理 42人 监考员： 应考： 实考： | E12: =监考安排!$AC15&" "&监考安排!AI$3&" "&监考安排!AI15&"人 监考员： 应考： 实考：" -> 高二12班 政治 0人 监考员： 应考： 实考：
... A20: 公共课室6 历史 25人 监考员： 应考： 实考： | B20: =监考安排!$AC23&" "&监考安排!AF$3&" "&监考安排!AF23&"人 监考员： 应考： 实考：" -> 公共课室6 化学 1 (25)人 监考员： 应考： 实考： | C20: =监考安排!$AC23&" "&监考安排!AG$3&" "&监考安排!AG23&"人 监考员： 应考： 实考：" -> 公共课室6 生物 9 (16-24)人 监考员： 应考： 实考： | D20: =监考安排!$AC23&" "&监考安排!AH$3&" "&监考安排!AH23&"人 监考员： 应考： 实考：" -> 公共课室6 地理 18 (1-15、22-24)人 监考员： 应考： 实考： | E20: =监考安排!$AC23&" "&监考安排!AI$3&" "&监考安排!AI23&"人 监考员： 应考： 实考：" -> 公共课室6 政治 22 (1-21、25)人 监考员： 应考： 实考：

Sheet 桌角纸（打印）
A1: 姓名：王思尹 考号：243800701 考场：高二1班 考场号：001 座位号：01 | B1: 姓名：张子涵 考号：243800526 考场：高二1班 考场号：001 座位号：08 | C1: 姓名：周游 考号：243800827 考场：高二1班 考场号：001 座位号：15 | D1: 姓名：王祺乐 考号：243800305 考场：高二1班 考场号：001 座位号：22 | E1: 姓名：梁文睿 考号：243800944 考场：高二1班 考场号：001 座位号：29 | F1: 姓名：秦浩轩 考号：243800439 考场：高二1班 考场号：001 座位号：36
A2: 姓名：王梓涵 考号：243800302 考场：高二1班 考场号：001 座位号：02 | B2: 姓名：庄灿铭 考号：243800408 考场：高二1班 考场号：001 座位号：09 | C2: 姓名：黄浚颖 考号：243800242 考场：高二1班 考场号：001 座位号：16 | D2: 姓名：苏子量 考号：243800212 考场：高二1班 考场号：001 座位号：23 | E2: 姓名：苏俊钊 考号：243800610 考场：高二1班 考场号：001 座位号：30 | F2: 姓名：黄羽晴 考号：243800839 考场：高二1班 考场号：001 座位号：37
A3: 姓名：戴子洋 考号：243800851 考场：高二1班 考场号：001 座位号：03 | B3: 姓名：李玄熙 考号：243800916 考场：高二1班 考场号：001 座位号：10 | C3: 姓名：曾晴 考号：243800642 考场：高二1班 考场号：001 座位号：17 | D3: 姓名：陆梓淇 考号：243800531 考场：高二1班 考场号：001 座位号：24 | E3: 姓名：孙海文 考号：243800211 考场：高二1班 考场号：001 座位号：31 | F3: 姓名：梁哲楠 考号：243800445 考场：高二1班 考场号：001 座位号：38
A4: 姓名：李怡菲 考号：243800518 考场：高二1班 考场号：001 座位号：04 | B4: 姓名：赖欣彤 考号：243800849 考场：高二1班 考场号：001 座位号：11 | C4: 姓名：何慕琳 考号：243800525 考场：高二1班 考场号：001 座位号：18 | D4: 姓名：张玮 考号：243800223 考场：高二1班 考场号：001 座位号：25 | E4: 姓名：关灼峣 考号：243800414 考场：高二1班 考场号：001 座位号：32 | F4: 姓名：刘昱成 考号：243800807 考场：高二1班 考场号：001 座位号：39
A5: 姓名：陈芷琪 考号：243800532 考场：高二1班 考场号：001 座位号：05 | B5: 姓名：侯铨睿 考号：243800136 考场：高二1班 考场号：001 座位号：12 | C5: 姓名：叶芷纤 考号：243800404 考场：高二1班 考场号：001 座位号：19 | D5: 姓名：黄祺韬 考号：243800635 考场：高二1班 考场号：001 座位号：26 | E5: 姓名：郑杰中 考号：243800337 考场：高二1班 考场号：001 座位号：33 | F5: 姓名：刘俊龙 考号：243800410 考场：高二1班 考场号：001 座位号：40
A6: 姓名：吴欣华 考号：243800817 考场：高二1班 考场号：001 座位号：06 | B6: 姓名：刘骐睿 考号：243800512 考场：高二1班 考场号：001 座位号：13 | C6: 姓名：曾子欣 考号：243800848 考场：高二1班 考场号：001 座位号：20 | D6: 姓名：谭颖楠 考号：243800449 考场：高二1班 考场号：001 座位号：27 | E6: 姓名：潘恩杰 考号：243800953 考场：高二1班 考场号：001 座位号：34 | F6: 姓名：沈子谦 考号：243800322 考场：高二1班 考场号：001 座位号：41
A7: 姓名：吕弦泽 考号：243800406 考场：高二1班 考场号：001 座位号：07 | B7: 姓名：李梓睿 考号：243800115 考场：高二1班 考场号：001 座位号：14 | C7: 姓名：邰子俊 考号：243800731 考场：高二1班 考场号：001 座位号：21 | D7: 姓名：赵羽涵 考号：243800628 考场：高二1班 考场号：001 座位号：28 | E7: 姓名：李卓谦 考号：243800917 考场：高二1班 考场号：001 座位号：35 | F7: 姓名：孙奥奇 考号：243800111 考场：高二1班 考场号：001 座位号：42
A8: 姓名：许可桐 考号：243800515 考场：高二2班 考场号：002 座位号：01 | B8: 姓名：沈许诺 考号：243800925 考场：高二2班 考场号：002 座位号：08 | C8: 姓名：原梦 考号：243800237 考场：高二2班 考场号：002 座位号：15 | D8: 姓名：林哲信 考号：243800825 考场：高二2班 考场号：002 座位号：22 | E8: 姓名：刘笑羽 考号：243800108 考场：高二2班 考场号：002 座位号：29 | F8: 姓名：黄丽蓓 考号：243800140 考场：高二2班 考场号：002 座位号：36
A9: 姓名：左承希 考号：243800203 考场：高二2班 考场号：002 座位号：02 | B9: 姓名：周文隽 考号：243800736 考场：高二2班 考场号：002 座位号：09 | C9: 姓名：施蕾 考号：243800436 考场：高二2班 考场号：002 座位号：16 | D9: 姓名：周承淳 考号：243800433 考场：高二2班 考场号：002 座位号：23 | E9: 姓名：马歆喆 考号：243800603 考场：高二2班 考场号：002 座位号：30 | F9: 姓名：尹康 考号：243800401 考场：高二2班 考场号：002 座位号：37
A10: 姓名：温润鹏 考号：243800643 考场：高二2班 考场号：002 座位号：03 | B10: 姓名：邝炜皓 考号：243800204 考场：高二2班 考场号：002 座位号：10 | C10: 姓名：卓锦川 考号：243800231 考场：高二2班 考场号：002 座位号：17 | D10: 姓名：于佳琳 考号：243800601 考场：高二2班 考场号：002 座位号：24 | E10: 姓名：叶芷宁 考号：243800705 考场：高二2班 考场号：002 座位号：31 | F10: 姓名：陈语秋 考号：243800228 考场：高二2班 考场号：002 座位号：38
A11: 姓名：黄芾生 考号：243800740 考场：高二2班 考场号：002 座位号：04 | B11: 姓名：黄梓遥 考号：243800742 考场：高二2班 考场号：002 座位号：11 | C11: 姓名：田俊涛 考号：243800804 考场：高二2班 考场号：002 座位号：18 | D11: 姓名：梁炜皓 考号：243800243 考场：高二2班 考场号：002 座位号：25 | E11: 姓名：邹志祥 考号：243800619 考场：高二2班 考场号：002 座位号：32 | F11: 姓名：廖丽华 考号：243800148 考场：高二2班 考场号：002 座位号：39
A12: 姓名：翟品杰 考号：243800648 考场：高二2班 考场号：002 座位号：05 | B12: 姓名：潘映彤 考号：243800751 考场：高二2班 考场号：002 座位号：12 | C12: 姓名：刘芸何 考号：243800905 考场：高二2班 考场号：002 座位号：19 | D12: 姓名：陈宇轩 考号：243800824 考场：高二2班 考场号：002 座位号：26 | E12: 姓名：何奕萱 考号：243800718 考场：高二2班 考场号：002 座位号：33 | F12: 姓名：陈思婷 考号：243800329 考场：高二2班 考场号：002 座位号：40
... A127: 姓名：孙邦杰 考号：243801114 考场：公共课室5 考场号：019 座位号：01 | B127: 姓名：汪子越 考号：243801022 考场：公共课室5 考场号：019 座位号：08 | C127: 姓名：王子轩 考号：243801101 考场：公共课室5 考场号：019 座位号：15 | D127: 姓名：李文茵 考号：243801210 考场：公共课室5 考场号：019 座位号：22 | E127: 姓名：陈诗琪 考号：243800328 考场：公共课室5 考场号：019 座位号：29 | F127: 姓名：余韵诗 考号：243800923 考场：公共课室5 考场号：019 座位号：36
A128: 姓名：吕文栋 考号：243801107 考场：公共课室5 考场号：019 座位号：02 | B128: 姓名：黄臻悦 考号：243801139 考场：公共课室5 考场号：019 座位号：09 | C128: 姓名：王毅彬 考号：243801002 考场：公共课室5 考场号：019 座位号：16 | D128: 姓名：谢锐扬 考号：243801247 考场：公共课室5 考场号：019 座位号：23 | E128: 姓名：张泽仁 考号：243800425 考场：公共课室5 考场号：019 座位号：30
A129: 姓名：陈文彬 考号：243801126 考场：公共课室5 考场号：019 座位号：03 | B129: 姓名：王舜丞 考号：243801102 考场：公共课室5 考场号：019 座位号：10 | C129: 姓名：叶雅萱 考号：243801010 考场：公共课室5 考场号：019 座位号：17 | D129: 姓名：叶果丰 考号：243801202 考场：公共课室5 考场号：019 座位号：24 | E129: 姓名：刘博思 考号：243800110 考场：公共课室5 考场号：019 座位号：31
A130: 姓名：章峻诚 考号：243801142 考场：公共课室5 考场号：019 座位号：04 | B130: 姓名：邓钰君 考号：243801104 考场：公共课室5 考场号：019 座位号：11 | C130: 姓名：战吕宁 考号：243801232 考场：公共课室5 考场号：019 座位号：18 | D130: 姓名：高晓钰 考号：243801235 考场：公共课室5 考场号：019 座位号：25 | E130: 姓名：史梓澎 考号：243800405 考场：公共课室5 考场号：019 座位号：32
A131: 姓名：常茹熠 考号：243801141 考场：公共课室5 考场号：019 座位号：05 | B131: 姓名：高涵 考号：243801035 考场：公共课室5 考场号：019 座位号：12 | C131: 姓名：欧阳彬 考号：243801228 考场：公共课室5 考场号：019 座位号：19 | D131: 姓名：巫梦玥 考号：243801209 考场：公共课室5 考场号：019 座位号：26 | E131: 姓名：刘延欢 考号：243800510 考场：公共课室5 考场号：019 座位号：33
A132: 姓名：朱骏 考号：243801109 考场：公共课室5 考场号：019 座位号：06 | B132: 姓名：吴欣然 考号：243801121 考场：公共课室5 考场号：019 座位号：13 | C132: 姓名：陈昕言 考号：243801224 考场：公共课室5 考场号：019 座位号：20 | D132: 姓名：陈志龙 考号：243801222 考场：公共课室5 考场号：019 座位号：27 | E132: 姓名：龚裕甜 考号：243801140 考场：公共课室5 考场号：019 座位号：34
A133: 姓名：陆俊言 考号：243801124 考场：公共课室5 考场号：019 座位号：07 | B133: 姓名：郑美玲 考号：243801032 考场：公共课室5 考场号：019 座位号：14 | C133: 姓名：陈诗勤 考号：243801225 考场：公共课室5 考场号：019 座位号：21 | D133: 姓名：刘子恒 考号：243801206 考场：公共课室5 考场号：019 座位号：28 | E133: 姓名：刘婉婷 考号：243801112 考场：公共课室5 考场号：019 座位号：35
A134: 姓名：黎子瑶 考号：243801346 考场：公共课室6 考场号：020 座位号：01 | B134: 姓名：李兆鋆 考号：243801411 考场：公共课室6 考场号：020 座位号：08 | C134: 姓名：谢博龙 考号：243801544 考场：公共课室6 考场号：020 座位号：15 | D134: 姓名：梁洛瑜 考号：243801343 考场：公共课室6 考场号：020 座位号：22
A135: 姓名：郭子傲 考号：243801437 考场：公共课室6 考场号：020 座位号：02 | B135: 姓名：桑俨朴 考号：243801336 考场：公共课室6 考场号：020 座位号：09 | C135: 姓名：姚芷涵 考号：243801428 考场：公共课室6 考场号：020 座位号：16 | D135: 姓名：黄潘乐 考号：243801340 考场：公共课室6 考场号：020 座位号：23
A136: 姓名：黄铱蓓 考号：243801540 考场：公共课室6 考场号：020 座位号：03 | B136: 姓名：张钰曈 考号：243801416 考场：公共课室6 考场号：020 座位号：10 | C136: 姓名：罗凯龄 考号：243801421 考场：公共课室6 考场号：020 座位号：17 | D136: 姓名：杨佳美 考号：243801315 考场：公共课室6 考场号：020 座位号：24
A137: 姓名：邓欣颖 考号：243801505 考场：公共课室6 考场号：020 座位号：04 | B137: 姓名：陈可燊 考号：243801616 考场：公共课室6 考场号：020 座位号：11 | C137: 姓名：聂靖瑶 考号：243801431 考场：公共课室6 考场号：020 座位号：18 | D137: 姓名：冯浩轩 考号：243801404 考场：公共课室6 考场号：020 座位号：25
A138: 姓名：梁文 考号：243801541 考场：公共课室6 考场号：020 座位号：05 | B138: 姓名：郑航宇 考号：243801626 考场：公共课室6 考场号：020 座位号：12 | C138: 姓名：夏正彤 考号：243801433 考场：公共课室6 考场号：020 座位号：19
A139: 姓名：胡馨文 考号：243801532 考场：公共课室6 考场号：020 座位号：06 | B139: 姓名：许梓依 考号：243801310 考场：公共课室6 考场号：020 座位号：13 | C139: 姓名：陈钐茵 考号：243801417 考场：公共课室6 考场号：020 座位号：20
A140: 姓名：万钰 考号：243801501 考场：公共课室6 考场号：020 座位号：07 | B140: 姓名：詹坤鑫 考号：243801646 考场：公共课室6 考场号：020 座位号：14 | C140: 姓名：伍雯玥 考号：243801406 考场：公共课室6 考场号：020 座位号：21

Sheet 请假
A1: =巡视!$A$1&"请假名单" -> 2025-2026学年高二第一学期期中考请假名单
A2: 姓名 | B2: 岗位 | C2: 请假时间（日期+时间） | D2: 请假原因
A3: 钟三明 | B3: 监考 | C3: 11.5（上午） | D3: 科组长会议
A4: 张馨予 | B4: 监考 | C4: 11.6（下午） | D4: 地理学科区教研
A5: 李昕雨 | B5: 监考 | C5: 11.6（下午） | D5: 地理学科区教研
A6: 李嘉燕 | B6: 监考 | C6: 11.6（下午） | D6: 地理学科区教研
A7: 张莉萍 | B7: 监考 | C7: 11.6（下午） | D7: 看病复查

Sheet Sheet1
A1: 4选2考试顺序
C3: 第一段 | E3: 第二段
A4: 1-11班 | C4: 化学 | E4: 生物
A5: 12-13班 | C5: 化学 | E5: 地理
A6: 14班 | C6: 化学 | E6: 政治
A7: 15-公共4 | C7: 地理 | E7: 政治
A8: 公5 | C8: 化学（1-33、37） 生物（34-36） | E8: 地理（1-17、34-35） 政治（18-28、36-37） 生物（29-33）
A11: 公6 | C11: 地理（1-15） 生物（16-24） 化学（25） | E11: 政治（1-21） 地理（22-24） 政治（25）
A15: 4选2考试顺序
C17: 第一段 | E17: 第二段
A18: 1-11班 | C18: 化学 | E18: 生物
A19: 12-13班 | C19: 化学 | E19: 地理
A20: 14班 | C20: 化学 | E20: 政治
A21: 15-公共4 | C21: 地理 | E21: 政治
A22: 公5 | C22: 化学（1-33、37） 生物（34-36） | E22: 地理（1-17、34-35） 政治（18-28、36-37） 生物（29-33）
A25: 公6 | C25: 地理（1-15） 生物（16-24） 化学（25） | E25: 政治（1-21） 地理（22-24） 政治（25）
